ANGLE,CH0,CH1
0.0,2.414,2.413625
0.0,2.082125,2.414125
0.0,2.082375,2.414375
0.0,2.0825,2.414375
0.0,2.08225,2.414
0.0,2.082,2.413375
0.0,2.0825,2.413
0.0,2.083,2.4135
0.0,2.083125,2.4135
0.0,2.082625,2.413375
0.0,2.082125,2.41325
0.0,2.081625,2.412875
0.0,2.081625,2.413
0.0,2.08175,2.4135
0.0,2.0815,2.4135
0.0,2.0815,2.413625
0.0,2.081125,2.41375
0.0,2.08175,2.41375
0.0,2.082125,2.414
0.0,2.082125,2.414625
0.0,2.082125,2.4145
0.0,2.08225,2.414125
0.0,2.08225,2.413375
0.0,2.082625,2.413375
0.0,2.083125,2.412875
0.0,2.083125,2.41325
0.0,2.082625,2.413375
0.0,2.08175,2.413125
0.0,2.0815,2.412875
0.0,2.082,2.41325
0.0,2.082,2.413625
0.0,2.082,2.4135
0.0,2.081375,2.4135
0.0,2.081125,2.41375
0.0,2.08175,2.414
0.0,2.082375,2.414375
0.0,2.08225,2.4145
0.0,2.08225,2.41425
0.0,2.08225,2.41425
0.0,2.082375,2.41375
0.0,2.083,2.413
0.0,2.083375,2.413125
0.0,2.083,2.4135
0.0,2.082125,2.413375
0.0,2.082,2.413
0.0,2.082,2.412875
0.0,2.082,2.413375
0.0,2.082375,2.41375
0.0,2.0825,2.4135
0.0,2.081875,2.413625
5.0,2.083125,2.40375
5.0,2.08325,2.404125
5.0,2.083,2.4045
5.0,2.083,2.40425
5.0,2.083375,2.40375
5.0,2.08375,2.403
5.0,2.08425,2.40325
5.0,2.084,2.403375
5.0,2.084,2.403375
5.0,2.08375,2.403375
5.0,2.08275,2.403
5.0,2.08225,2.40275
5.0,2.08275,2.403125
5.0,2.082625,2.4035
5.0,2.08175,2.4035
5.0,2.08175,2.40375
5.0,2.0825,2.403875
5.0,2.083125,2.403875
5.0,2.08275,2.404375
5.0,2.082375,2.4045
5.0,2.08275,2.404125
5.0,2.08325,2.4035
5.0,2.083875,2.403125
5.0,2.083875,2.403125
5.0,2.084125,2.403125
5.0,2.0835,2.4035
5.0,2.082875,2.403375
5.0,2.082625,2.402875
5.0,2.08225,2.402875
5.0,2.0825,2.403375
5.0,2.082625,2.4035
5.0,2.082,2.403375
5.0,2.081625,2.4035
5.0,2.0825,2.403875
5.0,2.083,2.403875
5.0,2.082875,2.404375
5.0,2.08325,2.404375
5.0,2.0835,2.404
5.0,2.0835,2.404
5.0,2.083125,2.40325
5.0,2.083625,2.402875
5.0,2.084375,2.403375
5.0,2.083875,2.4035
5.0,2.083,2.403125
5.0,2.08225,2.40275
5.0,2.082625,2.402875
5.0,2.08275,2.4035
5.0,2.082375,2.403375
5.0,2.082,2.4035
5.0,2.082,2.403625
10.0,2.050625,2.355625
10.0,2.05075,2.356125
10.0,2.050625,2.356375
10.0,2.05075,2.355875
10.0,2.050875,2.355375
10.0,2.05125,2.354875
10.0,2.051625,2.354875
10.0,2.051,2.355125
10.0,2.051,2.355125
10.0,2.05075,2.35525
10.0,2.0505,2.35475
10.0,2.05025,2.35475
10.0,2.050375,2.35525
10.0,2.050125,2.355375
10.0,2.04975,2.35525
10.0,2.049875,2.3555
10.0,2.0505,2.35575
10.0,2.051,2.35575
10.0,2.051125,2.356125
10.0,2.051,2.356375
10.0,2.050625,2.355875
10.0,2.0505,2.35525
10.0,2.051375,2.355
10.0,2.051375,2.355
10.0,2.051875,2.35525
10.0,2.05175,2.35525
10.0,2.051125,2.355
10.0,2.0505,2.35475
10.0,2.050375,2.35475
10.0,2.050375,2.355125
10.0,2.0505,2.35525
10.0,2.050125,2.355125
10.0,2.05,2.35525
10.0,2.05,2.3555
10.0,2.05075,2.355875
10.0,2.051,2.356125
10.0,2.051,2.356
10.0,2.0515,2.355625
10.0,2.0515,2.355625
10.0,2.051125,2.355
10.0,2.051375,2.355
10.0,2.051625,2.35525
10.0,2.051375,2.35525
10.0,2.05075,2.354875
10.0,2.049875,2.3545
10.0,2.0505,2.354875
10.0,2.051,2.35525
10.0,2.050625,2.355125
10.0,2.05,2.35525
10.0,2.05025,2.355375
15.0,1.987375,2.2705
15.0,1.987375,2.271
15.0,1.987375,2.271
15.0,1.987625,2.270625
15.0,1.9875,2.27
15.0,1.98775,2.269875
15.0,1.98825,2.269875
15.0,1.988125,2.27
15.0,1.988125,2.27
15.0,1.987625,2.269875
15.0,1.987125,2.2695
15.0,1.986875,2.269625
15.0,1.987125,2.270125
15.0,1.987,2.27
15.0,1.98625,2.269875
15.0,1.9865,2.270125
15.0,1.98725,2.270125
15.0,1.9875,2.2705
15.0,1.986875,2.271
15.0,1.98725,2.270875
15.0,1.98775,2.270375
15.0,1.98775,2.269875
15.0,1.988125,2.26975
15.0,1.988125,2.26975
15.0,1.9885,2.27
15.0,1.98825,2.27
15.0,1.9875,2.269625
15.0,1.986875,2.26925
15.0,1.987125,2.269625
15.0,1.987375,2.27
15.0,1.987,2.26975
15.0,1.986375,2.27
15.0,1.9865,2.27025
15.0,1.9875,2.270375
15.0,1.988,2.27075
15.0,1.987625,2.271
15.0,1.987875,2.27075
15.0,1.987875,2.27025
15.0,1.987875,2.27025
15.0,1.987875,2.269625
15.0,1.98825,2.26975
15.0,1.988375,2.27
15.0,1.988,2.27
15.0,1.98725,2.2695
15.0,1.986875,2.269375
15.0,1.986875,2.269875
15.0,1.987125,2.270125
15.0,1.987,2.27
15.0,1.986375,2.27
15.0,1.986625,2.27025
20.0,1.895,2.150875
20.0,1.895125,2.150875
20.0,1.89525,2.1505
20.0,1.8955,2.15
20.0,1.89575,2.14975
20.0,1.895875,2.149875
20.0,1.895625,2.150125
20.0,1.89525,2.149625
20.0,1.89525,2.149625
20.0,1.89475,2.149375
20.0,1.8945,2.14975
20.0,1.89475,2.15
20.0,1.894625,2.15
20.0,1.894,2.15025
20.0,1.894,2.150375
20.0,1.894875,2.150375
20.0,1.895,2.15075
20.0,1.89475,2.151
20.0,1.89475,2.150625
20.0,1.895125,2.15025
20.0,1.8955,2.149625
20.0,1.895875,2.149625
20.0,1.896125,2.149875
20.0,1.896125,2.149875
20.0,1.89575,2.149875
20.0,1.895,2.1495
20.0,1.8945,2.149375
20.0,1.894375,2.149625
20.0,1.894375,2.149875
20.0,1.894125,2.15
20.0,1.893875,2.150125
20.0,1.89425,2.150375
20.0,1.895375,2.150375
20.0,1.895625,2.15075
20.0,1.895125,2.150875
20.0,1.895125,2.150625
20.0,1.895375,2.15
20.0,1.895875,2.1495
20.0,1.895875,2.1495
20.0,1.896,2.149625
20.0,1.895875,2.14975
20.0,1.8955,2.14975
20.0,1.894875,2.149375
20.0,1.894375,2.14925
20.0,1.8945,2.15
20.0,1.8945,2.150125
20.0,1.894,2.149875
20.0,1.894,2.150125
20.0,1.89425,2.150125
20.0,1.89475,2.15025
25.0,1.776625,2.00125
25.0,1.77675,2.000625
25.0,1.77725,2.00025
25.0,1.777375,2.000375
25.0,1.77725,2.0005
25.0,1.777125,2.000625
25.0,1.776375,2.000125
25.0,1.775875,2.00025
25.0,1.775875,2.00025
25.0,1.776375,2.000625
25.0,1.7765,2.000875
25.0,1.776,2.000625
25.0,1.775875,2.00075
25.0,1.7765,2.000875
25.0,1.776875,2.001
25.0,1.77675,2.001375
25.0,1.7765,2.0015
25.0,1.776625,2.001125
25.0,1.777,2.000375
25.0,1.77725,2.000375
25.0,1.7775,2.0005
25.0,1.77725,2.0005
25.0,1.776625,2.000375
25.0,1.776625,2.000375
25.0,1.77625,2.000125
25.0,1.776125,2.000125
25.0,1.77625,2.00075
25.0,1.775875,2.000625
25.0,1.775125,2.0005
25.0,1.775625,2.001
25.0,1.7765,2.001
25.0,1.776875,2.001125
25.0,1.77675,2.001625
25.0,1.777,2.0015
25.0,1.77725,2.000875
25.0,1.776875,2.0005
25.0,1.776875,2.000375
25.0,1.777125,2.0005
25.0,1.777125,2.0005
25.0,1.776875,2.0005
25.0,1.776375,2.000375
25.0,1.77625,2.000125
25.0,1.77675,2.0005
25.0,1.776625,2.00075
25.0,1.776125,2.000625
25.0,1.775875,2.00075
25.0,1.776375,2.000875
25.0,1.776625,2.001
25.0,1.7765,2.001375
25.0,1.77675,2.001625
30.0,1.635375,1.826375
30.0,1.6355,1.825875
30.0,1.636,1.825625
30.0,1.636125,1.825875
30.0,1.635875,1.825875
30.0,1.635375,1.825625
30.0,1.634875,1.825125
30.0,1.634875,1.8255
30.0,1.634875,1.8255
30.0,1.63525,1.825875
30.0,1.635,1.82575
30.0,1.634375,1.82575
30.0,1.63475,1.826
30.0,1.63525,1.826
30.0,1.635625,1.82625
30.0,1.635875,1.826625
30.0,1.6355,1.826625
30.0,1.63575,1.826125
30.0,1.635875,1.8255
30.0,1.636,1.82575
30.0,1.636375,1.82575
30.0,1.636,1.82575
30.0,1.635375,1.825375
30.0,1.635375,1.825375
30.0,1.634875,1.82525
30.0,1.63475,1.825375
30.0,1.634875,1.82575
30.0,1.634875,1.82575
30.0,1.63475,1.825875
30.0,1.635,1.826
30.0,1.635,1.826
30.0,1.63525,1.826375
30.0,1.635375,1.826625
30.0,1.63525,1.826375
30.0,1.635375,1.826125
30.0,1.636,1.8255
30.0,1.636125,1.8255
30.0,1.636125,1.82575
30.0,1.636125,1.82575
30.0,1.63575,1.825625
30.0,1.634875,1.82525
30.0,1.634625,1.82525
30.0,1.635,1.825625
30.0,1.635,1.825875
30.0,1.6345,1.82575
30.0,1.6345,1.825875
30.0,1.635125,1.825875
30.0,1.635625,1.826125
30.0,1.635625,1.8265
30.0,1.635125,1.826625
35.0,1.476875,1.6315
35.0,1.477,1.631375
35.0,1.477,1.6315
35.0,1.476875,1.631375
35.0,1.47625,1.631125
35.0,1.47525,1.631125
35.0,1.4755,1.631375
35.0,1.47575,1.63175
35.0,1.47575,1.63175
35.0,1.47575,1.631625
35.0,1.4755,1.631625
35.0,1.4755,1.631625
35.0,1.475625,1.631625
35.0,1.475875,1.631875
35.0,1.47625,1.632375
35.0,1.47625,1.632125
35.0,1.476,1.631625
35.0,1.476875,1.63125
35.0,1.477,1.631375
35.0,1.477,1.6315
35.0,1.476625,1.6315
35.0,1.476125,1.631125
35.0,1.475875,1.631125
35.0,1.475875,1.631125
35.0,1.4755,1.631375
35.0,1.47575,1.6315
35.0,1.475625,1.6315
35.0,1.4755,1.631625
35.0,1.475875,1.631875
35.0,1.476125,1.631875
35.0,1.476,1.632375
35.0,1.476,1.63225
35.0,1.476375,1.632
35.0,1.476625,1.631625
35.0,1.477,1.63125
35.0,1.477125,1.6315
35.0,1.4765,1.631625
35.0,1.476125,1.6315
35.0,1.476125,1.6315
35.0,1.475875,1.631125
35.0,1.47575,1.63125
35.0,1.476125,1.631625
35.0,1.4755,1.631625
35.0,1.475125,1.6315
35.0,1.475375,1.631625
35.0,1.47575,1.63175
35.0,1.476375,1.632
35.0,1.4765,1.632375
35.0,1.4765,1.63225
35.0,1.476125,1.631875
40.0,1.303625,1.425375
40.0,1.303375,1.425125
40.0,1.30275,1.42475
40.0,1.302625,1.425
40.0,1.30275,1.42525
40.0,1.302875,1.42525
40.0,1.302625,1.42525
40.0,1.302375,1.42525
40.0,1.302375,1.42525
40.0,1.302625,1.4255
40.0,1.302625,1.42575
40.0,1.30325,1.426
40.0,1.303625,1.426
40.0,1.30325,1.42575
40.0,1.3035,1.425375
40.0,1.30375,1.425125
40.0,1.30375,1.42525
40.0,1.303375,1.42525
40.0,1.30275,1.425125
40.0,1.30275,1.42475
40.0,1.302875,1.425
40.0,1.303,1.425375
40.0,1.30275,1.4255
40.0,1.30275,1.4255
40.0,1.302125,1.4255
40.0,1.30225,1.425375
40.0,1.302875,1.4255
40.0,1.303125,1.425875
40.0,1.303375,1.426
40.0,1.303625,1.42575
40.0,1.30325,1.425625
40.0,1.30325,1.425125
40.0,1.303625,1.42525
40.0,1.30375,1.42525
40.0,1.303375,1.42525
40.0,1.303,1.424875
40.0,1.302625,1.424875
40.0,1.303,1.425375
40.0,1.303,1.425375
40.0,1.302875,1.4255
40.0,1.30225,1.42525
40.0,1.30225,1.425375
40.0,1.302875,1.425375
40.0,1.303375,1.425625
40.0,1.303625,1.426
40.0,1.303375,1.426125
40.0,1.303,1.425875
40.0,1.303125,1.425375
40.0,1.3035,1.425
40.0,1.303625,1.425125
45.0,1.123125,1.212625
45.0,1.12325,1.212875
45.0,1.12325,1.213125
45.0,1.12275,1.213125
45.0,1.122625,1.21325
45.0,1.122875,1.213125
45.0,1.123125,1.21325
45.0,1.1235,1.2135
45.0,1.1235,1.2135
45.0,1.12375,1.21375
45.0,1.123625,1.213625
45.0,1.12375,1.213125
45.0,1.123875,1.212875
45.0,1.124,1.213
45.0,1.124,1.213
45.0,1.124,1.212875
45.0,1.12375,1.212625
45.0,1.123375,1.21275
45.0,1.12275,1.213
45.0,1.12275,1.213125
45.0,1.122625,1.213125
45.0,1.12275,1.213125
45.0,1.12325,1.213
45.0,1.12325,1.213
45.0,1.123875,1.21325
45.0,1.124,1.21375
45.0,1.123625,1.21375
45.0,1.12375,1.2135
45.0,1.123625,1.213
45.0,1.12375,1.212875
45.0,1.12425,1.213
45.0,1.124,1.213125
45.0,1.12375,1.212875
45.0,1.12325,1.212625
45.0,1.123125,1.212875
45.0,1.12325,1.213125
45.0,1.12325,1.212875
45.0,1.122875,1.213
45.0,1.122875,1.213
45.0,1.123125,1.21325
45.0,1.123375,1.213375
45.0,1.123875,1.213375
45.0,1.123625,1.213625
45.0,1.123625,1.2135
45.0,1.123625,1.213125
45.0,1.124,1.212875
45.0,1.12425,1.212875
45.0,1.12425,1.213
45.0,1.123875,1.213
45.0,1.1235,1.21275
50.0,0.94125,1.001125
50.0,0.941,1.00125
50.0,0.94075,1.00125
50.0,0.94075,1.001375
50.0,0.94125,1.001375
50.0,0.941625,1.0015
50.0,0.94175,1.0015
50.0,0.94175,1.001625
50.0,0.94175,1.001625
50.0,0.94125,1.0015
50.0,0.9415,1.001125
50.0,0.94225,1.001125
50.0,0.94225,1.001125
50.0,0.942125,1.00125
50.0,0.9415,1.000875
50.0,0.94125,1.00075
50.0,0.941125,1.001125
50.0,0.94125,1.001375
50.0,0.941125,1.001125
50.0,0.940875,1.001375
50.0,0.941,1.001375
50.0,0.941125,1.001375
50.0,0.9415,1.001625
50.0,0.9415,1.001625
50.0,0.941625,1.00175
50.0,0.941375,1.001625
50.0,0.941625,1.001375
50.0,0.942,1.001125
50.0,0.942125,1.001125
50.0,0.942125,1.00125
50.0,0.941875,1.001125
50.0,0.94125,1.001
50.0,0.941,1.001125
50.0,0.941,1.00125
50.0,0.941125,1.00125
50.0,0.941,1.00125
50.0,0.941,1.001375
50.0,0.941375,1.00125
50.0,0.941375,1.00125
50.0,0.9415,1.00125
50.0,0.9415,1.0015
50.0,0.94125,1.001625
50.0,0.941375,1.0015
50.0,0.94175,1.0015
50.0,0.941875,1.001125
50.0,0.942125,1.001125
50.0,0.942375,1.00125
50.0,0.942,1.00125
50.0,0.941375,1.001
50.0,0.941,1.000875
55.0,0.763,0.79675
55.0,0.7625,0.7965
55.0,0.7625,0.79675
55.0,0.763,0.796875
55.0,0.76325,0.796875
55.0,0.7635,0.797
55.0,0.76375,0.797125
55.0,0.76375,0.797
55.0,0.76375,0.797
55.0,0.763375,0.79675
55.0,0.7635,0.796625
55.0,0.76375,0.796625
55.0,0.763625,0.796625
55.0,0.763375,0.796625
55.0,0.763,0.7965
55.0,0.763,0.796375
55.0,0.762875,0.79675
55.0,0.763,0.796625
55.0,0.762625,0.79675
55.0,0.762375,0.796875
55.0,0.763,0.797
55.0,0.7635,0.79675
55.0,0.76375,0.79675
55.0,0.76375,0.797125
55.0,0.7635,0.797
55.0,0.7635,0.797
55.0,0.763375,0.79675
55.0,0.763625,0.7965
55.0,0.76375,0.796625
55.0,0.763625,0.796625
55.0,0.76325,0.796625
55.0,0.763125,0.796375
55.0,0.763,0.796625
55.0,0.763,0.79675
55.0,0.762625,0.796625
55.0,0.7625,0.796625
55.0,0.762625,0.79675
55.0,0.762875,0.796875
55.0,0.762875,0.796875
55.0,0.763125,0.796875
55.0,0.763,0.797125
55.0,0.76275,0.797125
55.0,0.76325,0.797
55.0,0.7635,0.796625
55.0,0.76375,0.7965
55.0,0.764,0.79675
55.0,0.76325,0.796625
55.0,0.763,0.796375
55.0,0.762875,0.7965
55.0,0.762875,0.7965
60.0,0.59375,0.606375
60.0,0.593625,0.606375
60.0,0.59325,0.606375
60.0,0.59375,0.6065
60.0,0.594,0.6065
60.0,0.594,0.606625
60.0,0.59425,0.60675
60.0,0.59425,0.60675
60.0,0.594625,0.60675
60.0,0.59425,0.606625
60.0,0.594375,0.606375
60.0,0.594375,0.606375
60.0,0.594125,0.606375
60.0,0.594,0.606375
60.0,0.594,0.606
60.0,0.593625,0.606125
60.0,0.5935,0.60625
60.0,0.5935,0.60625
60.0,0.593625,0.60625
60.0,0.5935,0.606375
60.0,0.593625,0.6065
60.0,0.594125,0.6065
60.0,0.594375,0.60675
60.0,0.594375,0.60675
60.0,0.5945,0.606625
60.0,0.594375,0.6065
60.0,0.593875,0.606375
60.0,0.594125,0.606125
60.0,0.5945,0.60625
60.0,0.5945,0.60625
60.0,0.594625,0.60625
60.0,0.594,0.606
60.0,0.593875,0.606125
60.0,0.5935,0.606375
60.0,0.593625,0.60625
60.0,0.5935,0.6065
60.0,0.593875,0.606625
60.0,0.5945,0.6065
60.0,0.5945,0.6065
60.0,0.59475,0.606375
60.0,0.594375,0.606625
60.0,0.59425,0.606625
60.0,0.59425,0.6065
60.0,0.5945,0.60625
60.0,0.595,0.60625
60.0,0.594625,0.606375
60.0,0.594125,0.606125
60.0,0.594125,0.606
60.0,0.594125,0.606
60.0,0.59375,0.606
65.0,0.438625,0.4345
65.0,0.4385,0.434375
65.0,0.43875,0.4345
65.0,0.439375,0.434375
65.0,0.439375,0.4345
65.0,0.43925,0.434625
65.0,0.439125,0.4345
65.0,0.438875,0.4345
65.0,0.438875,0.4345
65.0,0.439,0.43425
65.0,0.439,0.434125
65.0,0.439125,0.434375
65.0,0.439,0.43425
65.0,0.438875,0.434125
65.0,0.438625,0.434
65.0,0.438625,0.43425
65.0,0.4385,0.4345
65.0,0.438375,0.434375
65.0,0.438375,0.434375
65.0,0.43875,0.4345
65.0,0.439125,0.4345
65.0,0.439125,0.4345
65.0,0.439,0.4345
65.0,0.439,0.4345
65.0,0.439125,0.434375
65.0,0.4395,0.4345
65.0,0.4395,0.434375
65.0,0.4395,0.434375
65.0,0.439375,0.43425
65.0,0.4395,0.43425
65.0,0.439,0.434125
65.0,0.438625,0.43425
65.0,0.438875,0.4345
65.0,0.43875,0.434375
65.0,0.4385,0.434375
65.0,0.43875,0.4345
65.0,0.43925,0.4345
65.0,0.43925,0.434375
65.0,0.43925,0.434375
65.0,0.439125,0.434375
65.0,0.438875,0.434625
65.0,0.43925,0.434625
65.0,0.439125,0.4345
65.0,0.43925,0.434375
65.0,0.439375,0.434375
65.0,0.4395,0.43425
65.0,0.43925,0.43425
65.0,0.43875,0.434125
65.0,0.438375,0.43425
65.0,0.438375,0.434375
70.0,0.3025,0.286875
70.0,0.302625,0.287
70.0,0.30275,0.287125
70.0,0.302625,0.287
70.0,0.302625,0.286875
70.0,0.302625,0.28675
70.0,0.302625,0.28675
70.0,0.30275,0.28675
70.0,0.30275,0.28675
70.0,0.302375,0.286625
70.0,0.302125,0.2865
70.0,0.302125,0.286625
70.0,0.302375,0.28675
70.0,0.302125,0.28675
70.0,0.302125,0.28675
70.0,0.302,0.28675
70.0,0.302375,0.286875
70.0,0.302625,0.286875
70.0,0.30275,0.286875
70.0,0.302625,0.28675
70.0,0.302625,0.286875
70.0,0.303125,0.286625
70.0,0.302875,0.286625
70.0,0.302875,0.286625
70.0,0.302625,0.28675
70.0,0.302375,0.286625
70.0,0.302625,0.2865
70.0,0.30275,0.286625
70.0,0.302625,0.2865
70.0,0.302625,0.28675
70.0,0.302125,0.286875
70.0,0.30175,0.28675
70.0,0.301875,0.286875
70.0,0.30225,0.28675
70.0,0.302625,0.286875
70.0,0.3025,0.28675
70.0,0.30275,0.286625
70.0,0.30275,0.286625
70.0,0.30275,0.286625
70.0,0.302625,0.2865
70.0,0.302625,0.286625
70.0,0.3025,0.286625
70.0,0.30275,0.2865
70.0,0.302875,0.2865
70.0,0.3025,0.2865
70.0,0.302,0.286625
70.0,0.302,0.286625
70.0,0.30175,0.286375
70.0,0.30175,0.2865
70.0,0.30225,0.286625
75.0,0.1885,0.1665
75.0,0.188625,0.1665
75.0,0.18875,0.166625
75.0,0.188875,0.166625
75.0,0.18875,0.1665
75.0,0.188625,0.166375
75.0,0.1885,0.166375
75.0,0.1885,0.1665
75.0,0.1885,0.1665
75.0,0.18825,0.1665
75.0,0.187875,0.1665
75.0,0.187625,0.1665
75.0,0.188125,0.1665
75.0,0.188625,0.1665
75.0,0.1885,0.1665
75.0,0.1885,0.16675
75.0,0.18875,0.16675
75.0,0.188625,0.1665
75.0,0.188375,0.166625
75.0,0.188875,0.1665
75.0,0.188875,0.1665
75.0,0.1885,0.16625
75.0,0.1885,0.16625
75.0,0.18825,0.16625
75.0,0.188,0.166375
75.0,0.188125,0.1665
75.0,0.18825,0.166625
75.0,0.18775,0.1665
75.0,0.187625,0.1665
75.0,0.188375,0.1665
75.0,0.188625,0.166625
75.0,0.1885,0.166625
75.0,0.1885,0.166625
75.0,0.1885,0.166625
75.0,0.188375,0.1665
75.0,0.188625,0.1665
75.0,0.188875,0.166375
75.0,0.188875,0.166375
75.0,0.18875,0.166375
75.0,0.1885,0.166375
75.0,0.18875,0.16625
75.0,0.188625,0.166375
75.0,0.18825,0.1665
75.0,0.187875,0.166625
75.0,0.187625,0.166375
75.0,0.187875,0.1665
75.0,0.188125,0.1665
75.0,0.188125,0.166625
75.0,0.188375,0.166625
75.0,0.188875,0.16675
80.0,0.1005,0.077375
80.0,0.10025,0.0775
80.0,0.10025,0.077375
80.0,0.100125,0.077375
80.0,0.099875,0.077375
80.0,0.099875,0.077375
80.0,0.09975,0.0775
80.0,0.099875,0.0775
80.0,0.099875,0.0775
80.0,0.1,0.0775
80.0,0.100125,0.0775
80.0,0.10025,0.077625
80.0,0.10025,0.077375
80.0,0.100125,0.077625
80.0,0.10025,0.0775
80.0,0.10075,0.077375
80.0,0.100625,0.077375
80.0,0.1005,0.077375
80.0,0.1,0.07725
80.0,0.099875,0.07725
80.0,0.100125,0.07725
80.0,0.099875,0.0775
80.0,0.0995,0.077375
80.0,0.0995,0.077375
80.0,0.099625,0.077375
80.0,0.1,0.077625
80.0,0.1005,0.0775
80.0,0.100625,0.077625
80.0,0.100125,0.0775
80.0,0.100125,0.0775
80.0,0.10025,0.0775
80.0,0.10025,0.0775
80.0,0.100625,0.0775
80.0,0.100625,0.0775
80.0,0.100375,0.077375
80.0,0.100125,0.07725
80.0,0.100125,0.07725
80.0,0.100125,0.0775
80.0,0.100125,0.0775
80.0,0.09975,0.0775
80.0,0.099625,0.077625
80.0,0.099625,0.0775
80.0,0.09975,0.0775
80.0,0.100125,0.077625
80.0,0.1005,0.0775
80.0,0.100375,0.0775
80.0,0.10025,0.077625
80.0,0.100375,0.0775
80.0,0.10025,0.0775
80.0,0.1,0.077375
85.0,0.0405,0.021375
85.0,0.04025,0.021625
85.0,0.04,0.0215
85.0,0.03975,0.021625
85.0,0.039875,0.021625
85.0,0.03975,0.0215
85.0,0.04,0.021625
85.0,0.0405,0.0215
85.0,0.0405,0.0215
85.0,0.040875,0.021625
85.0,0.040625,0.021625
85.0,0.0405,0.021625
85.0,0.040375,0.0215
85.0,0.04075,0.0215
85.0,0.041,0.0215
85.0,0.0405,0.021375
85.0,0.040375,0.02125
85.0,0.040625,0.02125
85.0,0.040375,0.0215
85.0,0.0395,0.021625
85.0,0.0395,0.0215
85.0,0.039625,0.0215
85.0,0.039875,0.0215
85.0,0.039875,0.0215
85.0,0.04,0.021625
85.0,0.0405,0.021625
85.0,0.040625,0.021625
85.0,0.0405,0.021625
85.0,0.04025,0.0215
85.0,0.0405,0.0215
85.0,0.040625,0.021375
85.0,0.041,0.021375
85.0,0.04075,0.02125
85.0,0.040125,0.02125
85.0,0.040125,0.021375
85.0,0.04025,0.0215
85.0,0.039875,0.0215
85.0,0.039375,0.021375
85.0,0.039375,0.021375
85.0,0.039625,0.0215
85.0,0.04,0.0215
85.0,0.040375,0.021375
85.0,0.040125,0.0215
85.0,0.04025,0.0215
85.0,0.0405,0.021625
85.0,0.04075,0.0215
85.0,0.040625,0.021625
85.0,0.040625,0.0215
85.0,0.040125,0.021375
85.0,0.04,0.021375
90.0,0.010125,0.000125
90.0,0.01,0.000125
90.0,0.009625,0.0
90.0,0.0095,0.0
90.0,0.01025,-0.000125
90.0,0.010625,0.00025
90.0,0.0105,0.000125
90.0,0.010375,0.00025
90.0,0.010375,0.00025
90.0,0.010375,0.000125
90.0,0.010375,0.000125
90.0,0.0105,0.0
90.0,0.010875,0.0
90.0,0.011,0.0
90.0,0.010625,-0.000125
90.0,0.010625,0.0
90.0,0.010625,-0.000125
90.0,0.010375,0.0
90.0,0.01,0.00025
90.0,0.009875,0.00025
90.0,0.00975,0.00025
90.0,0.010125,0.0
90.0,0.0105,0.0
90.0,0.0105,0.0
90.0,0.010625,0.00025
90.0,0.010625,0.00025
90.0,0.0105,0.00025
90.0,0.010375,0.000125
90.0,0.010375,0.0
90.0,0.010625,-0.000125
90.0,0.010875,-0.000125
90.0,0.010875,-0.000125
90.0,0.01075,0.0
90.0,0.010375,0.0
90.0,0.0105,0.000125
90.0,0.01025,0.000125
90.0,0.00975,0.000125
90.0,0.00975,0.000125
90.0,0.00975,0.000125
90.0,0.010125,0.000125
90.0,0.01025,0.000125
90.0,0.010375,0.000125
90.0,0.01075,0.000125
90.0,0.010375,0.00025
90.0,0.010375,0.000125
90.0,0.010625,0.000125
90.0,0.010375,0.000125
90.0,0.0105,0.0
90.0,0.010625,0.0
90.0,0.01075,0.0
95.0,0.01075,0.0135
95.0,0.010625,0.013375
95.0,0.010625,0.01325
95.0,0.010625,0.013375
95.0,0.011125,0.013375
95.0,0.0115,0.013375
95.0,0.011375,0.0135
95.0,0.011375,0.0135
95.0,0.011375,0.0135
95.0,0.01125,0.013375
95.0,0.01125,0.013375
95.0,0.011375,0.013375
95.0,0.01125,0.01325
95.0,0.01125,0.01325
95.0,0.011375,0.01325
95.0,0.01125,0.01325
95.0,0.010875,0.013375
95.0,0.0105,0.0135
95.0,0.01075,0.0135
95.0,0.011,0.01325
95.0,0.011125,0.01325
95.0,0.011375,0.013375
95.0,0.011625,0.01325
95.0,0.011625,0.01325
95.0,0.011375,0.013375
95.0,0.01125,0.013375
95.0,0.010875,0.013375
95.0,0.011,0.013375
95.0,0.011375,0.01325
95.0,0.0115,0.013375
95.0,0.0115,0.01325
95.0,0.011,0.01325
95.0,0.011,0.013375
95.0,0.011125,0.013375
95.0,0.011125,0.0135
95.0,0.01075,0.0135
95.0,0.01075,0.013375
95.0,0.011125,0.0135
95.0,0.011125,0.0135
95.0,0.01125,0.0135
95.0,0.01125,0.0135
95.0,0.011,0.013375
95.0,0.01075,0.0135
95.0,0.01125,0.013375
95.0,0.011625,0.013375
95.0,0.01175,0.013375
95.0,0.0115,0.01325
95.0,0.011125,0.01325
95.0,0.01075,0.013375
95.0,0.0105,0.01325
100.0,0.042125,0.061
100.0,0.042375,0.061125
100.0,0.042375,0.061
100.0,0.04225,0.061125
100.0,0.042375,0.06125
100.0,0.042125,0.06125
100.0,0.042125,0.06125
100.0,0.0425,0.061
100.0,0.0425,0.061
100.0,0.043125,0.061
100.0,0.042875,0.061125
100.0,0.042125,0.061
100.0,0.042125,0.061
100.0,0.04225,0.061
100.0,0.04225,0.061
100.0,0.042,0.061125
100.0,0.0415,0.061
100.0,0.041875,0.061125
100.0,0.04225,0.061125
100.0,0.0425,0.06125
100.0,0.0425,0.06125
100.0,0.042,0.061125
100.0,0.042125,0.061
100.0,0.042125,0.061
100.0,0.0425,0.061125
100.0,0.042375,0.061125
100.0,0.04225,0.061125
100.0,0.0425,0.060875
100.0,0.04275,0.061
100.0,0.042375,0.061
100.0,0.04225,0.061125
100.0,0.041875,0.061125
100.0,0.042,0.06125
100.0,0.042,0.061125
100.0,0.04225,0.061125
100.0,0.042625,0.061125
100.0,0.04275,0.06125
100.0,0.0425,0.06125
100.0,0.0425,0.06125
100.0,0.0425,0.061375
100.0,0.042375,0.06125
100.0,0.04275,0.061125
100.0,0.0425,0.061125
100.0,0.042625,0.061
100.0,0.042625,0.061125
100.0,0.0425,0.061
100.0,0.042,0.061
100.0,0.04175,0.061
100.0,0.041625,0.061
100.0,0.04175,0.061125
105.0,0.10325,0.141625
105.0,0.103625,0.141625
105.0,0.10375,0.1415
105.0,0.103875,0.141625
105.0,0.10425,0.141625
105.0,0.10425,0.14175
105.0,0.10375,0.141625
105.0,0.103625,0.141375
105.0,0.103625,0.141375
105.0,0.104,0.141375
105.0,0.10375,0.1415
105.0,0.103875,0.1415
105.0,0.103875,0.141375
105.0,0.10375,0.141375
105.0,0.103625,0.1415
105.0,0.103625,0.1415
105.0,0.10325,0.1415
105.0,0.103125,0.1415
105.0,0.10375,0.141625
105.0,0.104,0.141625
105.0,0.103625,0.141625
105.0,0.10375,0.14175
105.0,0.103875,0.141375
105.0,0.103875,0.141375
105.0,0.10425,0.141375
105.0,0.10425,0.141375
105.0,0.104,0.1415
105.0,0.104,0.1415
105.0,0.104,0.141375
105.0,0.1035,0.141375
105.0,0.1035,0.141375
105.0,0.103375,0.1415
105.0,0.103375,0.141625
105.0,0.103125,0.141625
105.0,0.1035,0.1415
105.0,0.10375,0.141625
105.0,0.10375,0.141625
105.0,0.1035,0.141625
105.0,0.1035,0.141625
105.0,0.10375,0.14175
105.0,0.103625,0.14175
105.0,0.103625,0.1415
105.0,0.104,0.1415
105.0,0.10375,0.141625
105.0,0.1035,0.14125
105.0,0.10325,0.14125
105.0,0.10325,0.141625
105.0,0.103625,0.1415
105.0,0.103375,0.1415
105.0,0.10325,0.141625
110.0,0.192875,0.25325
110.0,0.193,0.25325
110.0,0.19275,0.25325
110.0,0.1925,0.253125
110.0,0.19275,0.25325
110.0,0.192875,0.252875
110.0,0.192875,0.253
110.0,0.193,0.253
110.0,0.193,0.253
110.0,0.193,0.253
110.0,0.192875,0.25275
110.0,0.19275,0.252875
110.0,0.19275,0.253
110.0,0.19225,0.253125
110.0,0.192,0.253125
110.0,0.192625,0.253125
110.0,0.19275,0.253125
110.0,0.19275,0.253
110.0,0.19275,0.253125
110.0,0.19275,0.253375
110.0,0.19275,0.253375
110.0,0.192875,0.25325
110.0,0.192875,0.253
110.0,0.192875,0.253
110.0,0.193125,0.253125
110.0,0.192875,0.253
110.0,0.192625,0.252875
110.0,0.192875,0.25275
110.0,0.1925,0.253
110.0,0.192375,0.253125
110.0,0.19225,0.253125
110.0,0.192125,0.253125
110.0,0.192375,0.253125
110.0,0.192625,0.25325
110.0,0.1925,0.253125
110.0,0.19275,0.25325
110.0,0.193125,0.253375
110.0,0.193125,0.25325
110.0,0.193125,0.25325
110.0,0.19275,0.253125
110.0,0.193,0.253
110.0,0.193,0.253
110.0,0.192625,0.253
110.0,0.192375,0.252875
110.0,0.19275,0.252875
110.0,0.193,0.253
110.0,0.192375,0.253
110.0,0.19225,0.253125
110.0,0.192375,0.253125
110.0,0.192625,0.253125
115.0,0.30775,0.392125
115.0,0.30775,0.391875
115.0,0.308,0.39175
115.0,0.30825,0.39175
115.0,0.307875,0.39175
115.0,0.307625,0.39175
115.0,0.307875,0.39175
115.0,0.30775,0.391875
115.0,0.30775,0.391875
115.0,0.307375,0.391875
115.0,0.307125,0.39175
115.0,0.307125,0.391875
115.0,0.307125,0.391875
115.0,0.3075,0.392
115.0,0.307875,0.392125
115.0,0.308125,0.39225
115.0,0.308,0.392125
115.0,0.307625,0.392
115.0,0.307375,0.392
115.0,0.3075,0.391875
115.0,0.307625,0.391875
115.0,0.30775,0.391875
115.0,0.307625,0.391875
115.0,0.307625,0.391875
115.0,0.307375,0.39175
115.0,0.3075,0.391875
115.0,0.307125,0.392
115.0,0.306875,0.392
115.0,0.307,0.392
115.0,0.307375,0.392125
115.0,0.3075,0.392
115.0,0.30775,0.392
115.0,0.307625,0.392125
115.0,0.30775,0.392125
115.0,0.307625,0.391875
115.0,0.307375,0.391875
115.0,0.307875,0.39175
115.0,0.308,0.39175
115.0,0.308,0.39175
115.0,0.30775,0.39175
115.0,0.307125,0.39175
115.0,0.307375,0.391625
115.0,0.307375,0.391875
115.0,0.307375,0.391875
115.0,0.30725,0.392
115.0,0.307125,0.392
115.0,0.307625,0.392125
115.0,0.307875,0.392
115.0,0.307625,0.39225
115.0,0.307625,0.392375
120.0,0.444625,0.554375
120.0,0.444625,0.5545
120.0,0.444625,0.554375
120.0,0.444375,0.554375
120.0,0.443875,0.55425
120.0,0.443625,0.554375
120.0,0.443875,0.5545
120.0,0.443625,0.554375
120.0,0.443625,0.554375
120.0,0.443375,0.5545
120.0,0.4435,0.5545
120.0,0.4445,0.5545
120.0,0.44475,0.554625
120.0,0.444375,0.554875
120.0,0.44425,0.55475
120.0,0.444375,0.554625
120.0,0.444125,0.5545
120.0,0.444375,0.55425
120.0,0.4445,0.554375
120.0,0.4445,0.554375
120.0,0.444375,0.55425
120.0,0.444125,0.55425
120.0,0.443875,0.554375
120.0,0.443875,0.554375
120.0,0.443625,0.5545
120.0,0.443625,0.554375
120.0,0.443625,0.5545
120.0,0.444,0.5545
120.0,0.444375,0.554625
120.0,0.444375,0.55475
120.0,0.4445,0.554625
120.0,0.4445,0.55475
120.0,0.44425,0.554625
120.0,0.44475,0.554375
120.0,0.444875,0.554375
120.0,0.44475,0.5545
120.0,0.4445,0.554375
120.0,0.444,0.55425
120.0,0.444,0.55425
120.0,0.443625,0.554125
120.0,0.443875,0.554375
120.0,0.444125,0.554375
120.0,0.443625,0.55425
120.0,0.44375,0.554375
120.0,0.444375,0.554375
120.0,0.44425,0.5545
120.0,0.443875,0.55475
120.0,0.44425,0.55475
120.0,0.4445,0.554625
120.0,0.4445,0.554375
125.0,0.59875,0.7355
125.0,0.598625,0.7355
125.0,0.59875,0.73575
125.0,0.5985,0.735625
125.0,0.598375,0.73575
125.0,0.59825,0.73575
125.0,0.5985,0.73575
125.0,0.5985,0.735875
125.0,0.5985,0.735875
125.0,0.598875,0.736125
125.0,0.599125,0.73625
125.0,0.59875,0.736
125.0,0.599125,0.735875
125.0,0.59925,0.735625
125.0,0.59925,0.735625
125.0,0.599,0.735625
125.0,0.598875,0.735625
125.0,0.598625,0.7355
125.0,0.598625,0.7355
125.0,0.5985,0.73575
125.0,0.5985,0.735625
125.0,0.598375,0.735625
125.0,0.598375,0.735625
125.0,0.59825,0.735625
125.0,0.5985,0.73575
125.0,0.598875,0.735875
125.0,0.59925,0.736
125.0,0.599375,0.736
125.0,0.598875,0.736
125.0,0.598875,0.73575
125.0,0.599125,0.735625
125.0,0.599,0.7355
125.0,0.599125,0.735625
125.0,0.599,0.73575
125.0,0.59875,0.73525
125.0,0.59875,0.7355
125.0,0.598625,0.735875
125.0,0.598625,0.735875
125.0,0.598625,0.735875
125.0,0.597875,0.73575
125.0,0.597875,0.735875
125.0,0.598625,0.735875
125.0,0.599,0.735875
125.0,0.599,0.736125
125.0,0.59875,0.736
125.0,0.599,0.736
125.0,0.599375,0.735625
125.0,0.599375,0.735625
125.0,0.59925,0.73575
125.0,0.59925,0.73575
130.0,0.766625,0.93225
130.0,0.766375,0.932375
130.0,0.76625,0.9325
130.0,0.766,0.932375
130.0,0.76625,0.9325
130.0,0.766875,0.932375
130.0,0.76725,0.93275
130.0,0.7675,0.93275
130.0,0.7675,0.93275
130.0,0.76725,0.932375
130.0,0.766875,0.932125
130.0,0.767,0.932125
130.0,0.767375,0.932125
130.0,0.767375,0.932375
130.0,0.767,0.93225
130.0,0.766875,0.932125
130.0,0.76675,0.932125
130.0,0.766625,0.93225
130.0,0.766375,0.93225
130.0,0.766,0.93225
130.0,0.76625,0.932625
130.0,0.766875,0.932375
130.0,0.76725,0.932375
130.0,0.76725,0.932375
130.0,0.76725,0.932625
130.0,0.767125,0.93275
130.0,0.766875,0.932375
130.0,0.76675,0.93225
130.0,0.767125,0.932
130.0,0.76725,0.932125
130.0,0.7675,0.93225
130.0,0.767375,0.932125
130.0,0.766875,0.932
130.0,0.7665,0.932
130.0,0.7665,0.93225
130.0,0.766375,0.93225
130.0,0.766125,0.93225
130.0,0.76675,0.932625
130.0,0.76675,0.932625
130.0,0.76725,0.932375
130.0,0.76725,0.9325
130.0,0.766875,0.932625
130.0,0.767,0.932625
130.0,0.766875,0.932375
130.0,0.76675,0.93225
130.0,0.76725,0.93225
130.0,0.7675,0.93225
130.0,0.76725,0.93225
130.0,0.767,0.932
130.0,0.766625,0.931875
135.0,0.943125,1.137625
135.0,0.94275,1.137625
135.0,0.94275,1.137625
135.0,0.94325,1.137625
135.0,0.9435,1.13775
135.0,0.943375,1.138125
135.0,0.9435,1.138125
135.0,0.9435,1.13775
135.0,0.9435,1.13775
135.0,0.94375,1.1375
135.0,0.94425,1.13725
135.0,0.94425,1.1375
135.0,0.944,1.137625
135.0,0.944,1.1375
135.0,0.94325,1.13725
135.0,0.943125,1.13725
135.0,0.94325,1.137625
135.0,0.943,1.137625
135.0,0.94275,1.137625
135.0,0.943125,1.13775
135.0,0.9435,1.13775
135.0,0.943375,1.138
135.0,0.943125,1.13825
135.0,0.943125,1.13825
135.0,0.943625,1.138125
135.0,0.943875,1.137875
135.0,0.943875,1.137375
135.0,0.944125,1.1375
135.0,0.944,1.1375
135.0,0.943625,1.1375
135.0,0.943625,1.13725
135.0,0.94325,1.137125
135.0,0.94325,1.137375
135.0,0.943125,1.137625
135.0,0.943,1.13775
135.0,0.943,1.137625
135.0,0.943125,1.13775
135.0,0.9435,1.137875
135.0,0.9435,1.137875
135.0,0.943875,1.138
135.0,0.943625,1.138125
135.0,0.943875,1.138
135.0,0.943875,1.13775
135.0,0.944,1.1375
135.0,0.94425,1.1375
135.0,0.944,1.137625
135.0,0.943875,1.1375
135.0,0.943375,1.13725
135.0,0.943375,1.13725
135.0,0.94325,1.137375
140.0,1.123125,1.346125
140.0,1.123,1.346125
140.0,1.123,1.346375
140.0,1.123625,1.34625
140.0,1.12375,1.34675
140.0,1.12375,1.34675
140.0,1.123875,1.346625
140.0,1.123625,1.34625
140.0,1.123625,1.34625
140.0,1.12425,1.34575
140.0,1.124625,1.345875
140.0,1.124375,1.346
140.0,1.124125,1.346
140.0,1.12375,1.346
140.0,1.123375,1.34575
140.0,1.12325,1.346125
140.0,1.123375,1.346375
140.0,1.1235,1.34625
140.0,1.123,1.34625
140.0,1.123125,1.34625
140.0,1.12375,1.346375
140.0,1.123625,1.34675
140.0,1.1235,1.346875
140.0,1.1235,1.346875
140.0,1.123875,1.34675
140.0,1.124,1.346375
140.0,1.124125,1.346
140.0,1.124625,1.346125
140.0,1.124125,1.34625
140.0,1.124125,1.346
140.0,1.1235,1.345875
140.0,1.12325,1.34575
140.0,1.12325,1.34625
140.0,1.123125,1.346375
140.0,1.123125,1.346375
140.0,1.122875,1.3465
140.0,1.12325,1.3465
140.0,1.124,1.346375
140.0,1.124,1.346375
140.0,1.124125,1.347
140.0,1.124,1.347
140.0,1.12375,1.34675
140.0,1.12375,1.346375
140.0,1.12425,1.346125
140.0,1.124125,1.346125
140.0,1.124375,1.34625
140.0,1.123875,1.346375
140.0,1.12325,1.346125
140.0,1.12325,1.346
140.0,1.123625,1.346375
145.0,1.3015,1.551125
145.0,1.302,1.551125
145.0,1.302,1.551625
145.0,1.301875,1.551625
145.0,1.302,1.55125
145.0,1.30225,1.551
145.0,1.302625,1.55075
145.0,1.302625,1.550875
145.0,1.302625,1.550875
145.0,1.3025,1.550875
145.0,1.301875,1.550625
145.0,1.301625,1.550375
145.0,1.301375,1.55075
145.0,1.301375,1.551
145.0,1.301375,1.551125
145.0,1.301125,1.551125
145.0,1.301125,1.551125
145.0,1.3015,1.551125
145.0,1.302125,1.55125
145.0,1.30175,1.55175
145.0,1.302,1.551375
145.0,1.302,1.551125
145.0,1.301875,1.550875
145.0,1.301875,1.550875
145.0,1.3025,1.55075
145.0,1.302375,1.550875
145.0,1.30175,1.550875
145.0,1.301875,1.550625
145.0,1.301625,1.550375
145.0,1.301625,1.55075
145.0,1.30175,1.551
145.0,1.301125,1.551
145.0,1.300875,1.550875
145.0,1.30125,1.551125
145.0,1.301375,1.551125
145.0,1.3015,1.551375
145.0,1.302,1.55175
145.0,1.302125,1.551375
145.0,1.302125,1.551375
145.0,1.301875,1.551
145.0,1.30225,1.55075
145.0,1.30275,1.550875
145.0,1.302625,1.55075
145.0,1.30225,1.55075
145.0,1.30175,1.550375
145.0,1.3015,1.5505
145.0,1.30125,1.55075
145.0,1.30125,1.550875
145.0,1.30125,1.55075
145.0,1.300875,1.551125
150.0,1.471875,1.7475
150.0,1.472125,1.74775
150.0,1.472125,1.747875
150.0,1.471875,1.7475
150.0,1.472,1.746875
150.0,1.4725,1.74675
150.0,1.4725,1.747
150.0,1.471875,1.747125
150.0,1.471875,1.747125
150.0,1.471625,1.746875
150.0,1.47125,1.7465
150.0,1.47175,1.74675
150.0,1.471875,1.747125
150.0,1.4715,1.747
150.0,1.470875,1.747
150.0,1.471375,1.74725
150.0,1.471875,1.747375
150.0,1.471875,1.747625
150.0,1.472125,1.747875
150.0,1.471875,1.748
150.0,1.471875,1.7475
150.0,1.472,1.746875
150.0,1.47225,1.746875
150.0,1.47225,1.746875
150.0,1.472375,1.747125
150.0,1.47225,1.74725
150.0,1.471875,1.74675
150.0,1.47175,1.74675
150.0,1.471875,1.747125
150.0,1.471625,1.747125
150.0,1.471,1.747125
150.0,1.47075,1.74725
150.0,1.471375,1.7475
150.0,1.47225,1.747375
150.0,1.472375,1.747875
150.0,1.472,1.748125
150.0,1.47225,1.74775
150.0,1.472375,1.74725
150.0,1.472375,1.74725
150.0,1.472625,1.74675
150.0,1.472625,1.747
150.0,1.4725,1.747125
150.0,1.472125,1.747125
150.0,1.47175,1.746625
150.0,1.47125,1.74675
150.0,1.471375,1.747125
150.0,1.471625,1.74725
150.0,1.47125,1.74725
150.0,1.471,1.747375
150.0,1.472,1.747375
155.0,1.6305,1.927125
155.0,1.631,1.92675
155.0,1.63125,1.927
155.0,1.630625,1.92725
155.0,1.629875,1.927
155.0,1.6295,1.926375
155.0,1.62975,1.92675
155.0,1.630125,1.927125
155.0,1.630125,1.927125
155.0,1.629625,1.927125
155.0,1.629,1.92725
155.0,1.6295,1.927375
155.0,1.629875,1.927375
155.0,1.63025,1.927625
155.0,1.630125,1.928125
155.0,1.630125,1.928
155.0,1.630375,1.927375
155.0,1.6305,1.927
155.0,1.630875,1.926875
155.0,1.631,1.927125
155.0,1.631,1.927125
155.0,1.6305,1.92675
155.0,1.630125,1.9265
155.0,1.630125,1.9265
155.0,1.630375,1.926875
155.0,1.630625,1.927125
155.0,1.629875,1.927
155.0,1.62925,1.927125
155.0,1.62925,1.927375
155.0,1.630125,1.92725
155.0,1.630375,1.9275
155.0,1.6305,1.927875
155.0,1.630375,1.92775
155.0,1.6305,1.92725
155.0,1.63075,1.92675
155.0,1.631,1.927
155.0,1.631,1.927125
155.0,1.63075,1.927
155.0,1.63075,1.927
155.0,1.630125,1.926625
155.0,1.63,1.9265
155.0,1.629875,1.927
155.0,1.62975,1.92725
155.0,1.629625,1.927
155.0,1.629125,1.92725
155.0,1.6295,1.9275
155.0,1.63025,1.927625
155.0,1.630375,1.927875
155.0,1.630375,1.928
155.0,1.6305,1.927875
160.0,1.770625,2.086125
160.0,1.770625,2.086375
160.0,1.7705,2.08625
160.0,1.769875,2.086
160.0,1.7695,2.08575
160.0,1.769375,2.08625
160.0,1.76975,2.0865
160.0,1.7695,2.08625
160.0,1.7695,2.08625
160.0,1.769,2.086625
160.0,1.76925,2.08675
160.0,1.769875,2.08675
160.0,1.77,2.087125
160.0,1.770375,2.08725
160.0,1.7705,2.08675
160.0,1.770125,2.086375
160.0,1.770875,2.086125
160.0,1.771125,2.08625
160.0,1.770375,2.08625
160.0,1.77,2.086125
160.0,1.769875,2.085625
160.0,1.769625,2.08575
160.0,1.76975,2.086375
160.0,1.76975,2.086375
160.0,1.769875,2.086375
160.0,1.769375,2.086375
160.0,1.768875,2.0865
160.0,1.769375,2.08675
160.0,1.76975,2.086875
160.0,1.77,2.087375
160.0,1.77025,2.08725
160.0,1.77,2.08675
160.0,1.770375,2.086
160.0,1.77075,2.086
160.0,1.770875,2.08625
160.0,1.7705,2.086375
160.0,1.770125,2.086
160.0,1.769625,2.086
160.0,1.769625,2.086
160.0,1.769375,2.08625
160.0,1.76925,2.0865
160.0,1.769375,2.08625
160.0,1.769125,2.0865
160.0,1.76925,2.08675
160.0,1.770125,2.086625
160.0,1.77025,2.086875
160.0,1.770125,2.087375
160.0,1.76975,2.087125
160.0,1.769875,2.08675
160.0,1.7705,2.08625
165.0,1.888375,2.21825
165.0,1.887875,2.217875
165.0,1.888,2.218
165.0,1.888125,2.218375
165.0,1.88825,2.218375
165.0,1.887625,2.2185
165.0,1.887125,2.21875
165.0,1.8875,2.21875
165.0,1.8875,2.21875
165.0,1.88825,2.219
165.0,1.8885,2.219375
165.0,1.88875,2.219375
165.0,1.8885,2.218625
165.0,1.888875,2.218125
165.0,1.88925,2.21825
165.0,1.888875,2.2185
165.0,1.888375,2.218375
165.0,1.88825,2.218125
165.0,1.8875,2.217875
165.0,1.887375,2.218125
165.0,1.888,2.218375
165.0,1.8875,2.21825
165.0,1.886875,2.218375
165.0,1.886875,2.218375
165.0,1.8875,2.218375
165.0,1.888125,2.218625
165.0,1.8885,2.219375
165.0,1.8885,2.2195
165.0,1.8885,2.219125
165.0,1.888375,2.218625
165.0,1.8885,2.218
165.0,1.889125,2.21825
165.0,1.889125,2.218375
165.0,1.8885,2.21825
165.0,1.887625,2.21775
165.0,1.8875,2.218
165.0,1.888125,2.218375
165.0,1.88825,2.218625
165.0,1.88825,2.218625
165.0,1.8875,2.218375
165.0,1.887375,2.21875
165.0,1.88825,2.21875
165.0,1.888875,2.218875
165.0,1.8885,2.219375
165.0,1.888625,2.219375
165.0,1.88875,2.219
165.0,1.88825,2.2185
165.0,1.88875,2.218
165.0,1.889125,2.218125
165.0,1.88925,2.2185
170.0,1.98025,2.32
170.0,1.979875,2.319875
170.0,1.97925,2.32
170.0,1.97925,2.320125
170.0,1.980125,2.320125
170.0,1.9805,2.320625
170.0,1.98025,2.320875
170.0,1.979875,2.3205
170.0,1.979875,2.3205
170.0,1.98,2.319875
170.0,1.980875,2.319375
170.0,1.98175,2.3195
170.0,1.98175,2.31975
170.0,1.981,2.31975
170.0,1.98025,2.319375
170.0,1.98,2.319125
170.0,1.98025,2.319625
170.0,1.98025,2.31975
170.0,1.98,2.319875
170.0,1.979625,2.32
170.0,1.97975,2.320125
170.0,1.980375,2.32025
170.0,1.980375,2.320625
170.0,1.980375,2.320625
170.0,1.98075,2.32075
170.0,1.98075,2.320375
170.0,1.980875,2.31975
170.0,1.9815,2.319375
170.0,1.9815,2.319625
170.0,1.98075,2.319875
170.0,1.9805,2.31975
170.0,1.980125,2.31925
170.0,1.98,2.319125
170.0,1.980375,2.31975
170.0,1.98,2.31975
170.0,1.979625,2.319875
170.0,1.9795,2.32
170.0,1.97975,2.32025
170.0,1.97975,2.32025
170.0,1.98025,2.320125
170.0,1.9805,2.320625
170.0,1.980625,2.320625
170.0,1.981,2.320375
170.0,1.981,2.31975
170.0,1.981375,2.319375
170.0,1.9815,2.3195
170.0,1.981125,2.3195
170.0,1.98075,2.319375
170.0,1.979875,2.319
170.0,1.97975,2.319125
175.0,2.043125,2.386
175.0,2.043625,2.386
175.0,2.043875,2.38625
175.0,2.04375,2.3865
175.0,2.04425,2.3865
175.0,2.044625,2.386
175.0,2.04475,2.3855
175.0,2.0455,2.385375
175.0,2.0455,2.385375
175.0,2.0455,2.385625
175.0,2.044375,2.3855
175.0,2.043875,2.38525
175.0,2.043625,2.385125
175.0,2.0435,2.385625
175.0,2.043875,2.385875
175.0,2.0435,2.385625
175.0,2.043125,2.38575
175.0,2.04325,2.386
175.0,2.043875,2.38625
175.0,2.044125,2.386375
175.0,2.044125,2.386625
175.0,2.044125,2.3865
175.0,2.044125,2.385875
175.0,2.044,2.385875
175.0,2.044625,2.385375
175.0,2.045125,2.385375
175.0,2.044875,2.38575
175.0,2.04425,2.3855
175.0,2.0435,2.385
175.0,2.0435,2.384875
175.0,2.04375,2.38575
175.0,2.043875,2.385875
175.0,2.04325,2.38575
175.0,2.043,2.385875
175.0,2.043125,2.386
175.0,2.0435,2.386125
175.0,2.04375,2.38675
175.0,2.04425,2.38675
175.0,2.04425,2.38675
175.0,2.044125,2.386375
175.0,2.044,2.385625
175.0,2.044625,2.38525
175.0,2.045,2.3855
175.0,2.0445,2.38575
175.0,2.04425,2.385375
175.0,2.04325,2.384875
175.0,2.043125,2.385
175.0,2.043625,2.3855
175.0,2.0435,2.385625
175.0,2.043,2.385625
180.0,2.0755,2.414875
180.0,2.075375,2.4155
180.0,2.075375,2.41575
180.0,2.07525,2.41525
180.0,2.075375,2.4145
180.0,2.07575,2.414125
180.0,2.076375,2.4145
180.0,2.076125,2.414625
180.0,2.076125,2.414625
180.0,2.075375,2.414125
180.0,2.075125,2.413875
180.0,2.075,2.41375
180.0,2.074625,2.414375
180.0,2.07475,2.414375
180.0,2.075,2.414375
180.0,2.075,2.41475
180.0,2.075,2.414875
180.0,2.075375,2.415
180.0,2.07525,2.415375
180.0,2.075375,2.4155
180.0,2.0755,2.415
180.0,2.075875,2.41425
180.0,2.07625,2.413875
180.0,2.07625,2.413875
180.0,2.076375,2.41425
180.0,2.076125,2.414625
180.0,2.075375,2.41425
180.0,2.0745,2.41375
180.0,2.074625,2.414
180.0,2.074875,2.4145
180.0,2.0745,2.41425
180.0,2.074125,2.41425
180.0,2.074375,2.414625
180.0,2.07525,2.414875
180.0,2.075625,2.41525
180.0,2.075125,2.4155
180.0,2.075625,2.415375
180.0,2.075625,2.41475
180.0,2.075625,2.41475
180.0,2.075625,2.414
180.0,2.0765,2.414
180.0,2.076625,2.414375
180.0,2.076,2.4145
180.0,2.075125,2.414
180.0,2.075125,2.413625
180.0,2.075375,2.414125
180.0,2.0755,2.4145
180.0,2.075,2.41425
180.0,2.074625,2.414375
180.0,2.074625,2.414625
185.0,2.075625,2.40575
185.0,2.075875,2.405875
185.0,2.075875,2.4055
185.0,2.076125,2.40475
185.0,2.07625,2.4045
185.0,2.076375,2.40475
185.0,2.0765,2.405
185.0,2.076,2.404625
185.0,2.076,2.404625
185.0,2.075125,2.404375
185.0,2.074875,2.404625
185.0,2.075,2.405
185.0,2.075,2.405
185.0,2.0745,2.405125
185.0,2.07475,2.40525
185.0,2.07575,2.40525
185.0,2.075625,2.4055
185.0,2.0755,2.406
185.0,2.075625,2.405875
185.0,2.075875,2.405375
185.0,2.076125,2.404625
185.0,2.0765,2.4045
185.0,2.076875,2.404875
185.0,2.076875,2.404875
185.0,2.07675,2.40475
185.0,2.075875,2.4045
185.0,2.075125,2.404
185.0,2.07525,2.40425
185.0,2.075625,2.405
185.0,2.07525,2.404875
185.0,2.074375,2.404875
185.0,2.0745,2.405125
185.0,2.075625,2.40525
185.0,2.076,2.405625
185.0,2.075625,2.406
185.0,2.076125,2.405875
185.0,2.076,2.405125
185.0,2.075875,2.404625
185.0,2.075875,2.404625
185.0,2.076125,2.4045
185.0,2.0765,2.40475
185.0,2.076125,2.404875
185.0,2.07525,2.404375
185.0,2.075,2.404125
185.0,2.075625,2.404625
185.0,2.0755,2.405
185.0,2.075,2.404875
185.0,2.075,2.405125
185.0,2.0755,2.405125
185.0,2.07625,2.40525
190.0,2.044,2.357625
190.0,2.04425,2.35775
190.0,2.04425,2.35725
190.0,2.04425,2.356375
190.0,2.045,2.356125
190.0,2.045,2.356375
190.0,2.04475,2.35675
190.0,2.044,2.356375
190.0,2.044,2.356375
190.0,2.043625,2.35575
190.0,2.043875,2.35625
190.0,2.043625,2.35675
190.0,2.0435,2.356625
190.0,2.043375,2.35675
190.0,2.043125,2.356875
190.0,2.044,2.357
190.0,2.04425,2.35725
190.0,2.044125,2.35775
190.0,2.044375,2.357375
190.0,2.04425,2.35675
190.0,2.044375,2.356125
190.0,2.044875,2.35625
190.0,2.044875,2.3565
190.0,2.044875,2.3565
190.0,2.044125,2.35675
190.0,2.043875,2.35625
190.0,2.04375,2.356125
190.0,2.0435,2.3565
190.0,2.043625,2.35675
190.0,2.043,2.3565
190.0,2.042875,2.35675
190.0,2.043125,2.356875
190.0,2.043875,2.357
190.0,2.04375,2.3575
190.0,2.043875,2.357625
190.0,2.04425,2.35725
190.0,2.04425,2.3565
190.0,2.044625,2.356
190.0,2.044625,2.356
190.0,2.045125,2.356375
190.0,2.04475,2.356625
190.0,2.04425,2.356625
190.0,2.043625,2.356
190.0,2.04325,2.356
190.0,2.043375,2.356375
190.0,2.04375,2.35675
190.0,2.043375,2.356625
190.0,2.043125,2.356875
190.0,2.043625,2.357
190.0,2.044375,2.357125
195.0,1.980875,2.273
195.0,1.980625,2.272375
195.0,1.981,2.27175
195.0,1.981375,2.271875
195.0,1.9815,2.27225
195.0,1.981,2.272125
195.0,1.98025,2.271625
195.0,1.980125,2.2715
195.0,1.980125,2.2715
195.0,1.98025,2.272125
195.0,1.980125,2.272375
195.0,1.97975,2.27225
195.0,1.97925,2.272375
195.0,1.98,2.272625
195.0,1.980625,2.272625
195.0,1.980875,2.273
195.0,1.981125,2.273125
195.0,1.98125,2.27275
195.0,1.981125,2.272
195.0,1.981375,2.271625
195.0,1.9815,2.272
195.0,1.981,2.27225
195.0,1.98075,2.272125
195.0,1.98075,2.272125
195.0,1.98025,2.2715
195.0,1.98,2.271625
195.0,1.98025,2.272125
195.0,1.98,2.272125
195.0,1.97975,2.272
195.0,1.979875,2.272375
195.0,1.980375,2.2725
195.0,1.9805,2.272625
195.0,1.98075,2.273125
195.0,1.980625,2.273125
195.0,1.980875,2.272625
195.0,1.98125,2.272125
195.0,1.982,2.27175
195.0,1.98175,2.272
195.0,1.98175,2.272
195.0,1.98125,2.272125
195.0,1.980625,2.271875
195.0,1.97975,2.2715
195.0,1.98,2.27175
195.0,1.9805,2.272125
195.0,1.980375,2.271875
195.0,1.979875,2.272125
195.0,1.98,2.272375
195.0,1.980875,2.272375
195.0,1.98125,2.27275
195.0,1.980875,2.27325
200.0,1.8885,2.153
200.0,1.888875,2.152625
200.0,1.889375,2.152875
200.0,1.889125,2.153125
200.0,1.888375,2.152875
200.0,1.887875,2.152375
200.0,1.8875,2.1525
200.0,1.888,2.152875
200.0,1.888,2.152875
200.0,1.88775,2.152875
200.0,1.887375,2.153
200.0,1.8875,2.153375
200.0,1.888125,2.1535
200.0,1.888375,2.15375
200.0,1.888375,2.154
200.0,1.888,2.154125
200.0,1.888125,2.15375
200.0,1.888875,2.153125
200.0,1.889375,2.153
200.0,1.889375,2.15325
200.0,1.88875,2.153375
200.0,1.888125,2.153
200.0,1.88775,2.152375
200.0,1.88775,2.152375
200.0,1.887875,2.15275
200.0,1.888125,2.15325
200.0,1.888,2.153125
200.0,1.88775,2.153125
200.0,1.887625,2.153375
200.0,1.88825,2.1535
200.0,1.888625,2.154
200.0,1.8885,2.154125
200.0,1.8885,2.153875
200.0,1.888,2.15325
200.0,1.888375,2.152875
200.0,1.8895,2.153
200.0,1.88925,2.153125
200.0,1.888875,2.15325
200.0,1.888875,2.15325
200.0,1.888375,2.152875
200.0,1.887875,2.1525
200.0,1.888125,2.152875
200.0,1.88825,2.153375
200.0,1.888,2.153
200.0,1.8875,2.15325
200.0,1.888125,2.1535
200.0,1.888875,2.1535
200.0,1.8885,2.15375
200.0,1.88825,2.154125
200.0,1.888375,2.153875
205.0,1.77125,2.00425
205.0,1.77075,2.00425
205.0,1.770125,2.003875
205.0,1.76975,2.003625
205.0,1.76975,2.004
205.0,1.76975,2.004375
205.0,1.7695,2.00425
205.0,1.769375,2.004375
205.0,1.769375,2.004375
205.0,1.76975,2.004625
205.0,1.7705,2.00475
205.0,1.77075,2.005
205.0,1.770875,2.005125
205.0,1.770625,2.00475
205.0,1.770625,2.00425
205.0,1.770625,2.003875
205.0,1.770875,2.004
205.0,1.771,2.00425
205.0,1.771,2.00425
205.0,1.770375,2.00375
205.0,1.769875,2.003875
205.0,1.77,2.004125
205.0,1.77,2.00425
205.0,1.77,2.00425
205.0,1.76975,2.00425
205.0,1.769625,2.0045
205.0,1.770125,2.0045
205.0,1.770625,2.004625
205.0,1.770375,2.00525
205.0,1.77025,2.005125
205.0,1.770375,2.00475
205.0,1.770625,2.004125
205.0,1.770875,2.004
205.0,1.770625,2.00425
205.0,1.770625,2.00425
205.0,1.770625,2.003875
205.0,1.76975,2.003625
205.0,1.769625,2.00375
205.0,1.769625,2.00375
205.0,1.769875,2.004125
205.0,1.7695,2.004
205.0,1.769,2.004125
205.0,1.769,2.0045
205.0,1.77,2.004625
205.0,1.77025,2.00475
205.0,1.77025,2.005125
205.0,1.77025,2.005
205.0,1.770625,2.004625
205.0,1.77075,2.004
205.0,1.771125,2.004
210.0,1.630125,1.8295
210.0,1.62975,1.8295
210.0,1.629125,1.829
210.0,1.628875,1.828875
210.0,1.629375,1.8295
210.0,1.629375,1.8295
210.0,1.6285,1.8295
210.0,1.628375,1.829625
210.0,1.628375,1.829625
210.0,1.629,1.82975
210.0,1.6295,1.829875
210.0,1.62925,1.830125
210.0,1.6295,1.830375
210.0,1.629875,1.83
210.0,1.630125,1.82925
210.0,1.63,1.82925
210.0,1.63025,1.829375
210.0,1.629875,1.829625
210.0,1.629375,1.82925
210.0,1.628875,1.828875
210.0,1.62875,1.829375
210.0,1.62875,1.829625
210.0,1.628625,1.8295
210.0,1.628625,1.8295
210.0,1.62825,1.829625
210.0,1.62875,1.829625
210.0,1.62925,1.82975
210.0,1.6295,1.830125
210.0,1.629375,1.8305
210.0,1.629375,1.830375
210.0,1.629625,1.82975
210.0,1.6295,1.829375
210.0,1.629625,1.82925
210.0,1.629875,1.8295
210.0,1.630125,1.829625
210.0,1.62975,1.829125
210.0,1.629625,1.828875
210.0,1.629,1.82925
210.0,1.629,1.82925
210.0,1.628875,1.8295
210.0,1.62875,1.8295
210.0,1.628625,1.829625
210.0,1.629,1.82975
210.0,1.629375,1.829875
210.0,1.629625,1.830125
210.0,1.6295,1.8305
210.0,1.6295,1.830125
210.0,1.629375,1.8295
210.0,1.629875,1.82925
210.0,1.630375,1.82925
215.0,1.470875,1.636375
215.0,1.47025,1.636
215.0,1.47,1.635625
215.0,1.470125,1.635875
215.0,1.470375,1.636375
215.0,1.47,1.63625
215.0,1.469625,1.636375
215.0,1.469625,1.63625
215.0,1.469625,1.63625
215.0,1.469875,1.636375
215.0,1.470625,1.6365
215.0,1.47075,1.636875
215.0,1.47075,1.636875
215.0,1.470375,1.636625
215.0,1.4705,1.636125
215.0,1.471,1.636
215.0,1.4715,1.636125
215.0,1.471125,1.636125
215.0,1.47075,1.635875
215.0,1.470125,1.635625
215.0,1.469875,1.635875
215.0,1.47025,1.636125
215.0,1.469625,1.63625
215.0,1.469625,1.63625
215.0,1.46925,1.636375
215.0,1.46975,1.6365
215.0,1.4705,1.6365
215.0,1.470375,1.63675
215.0,1.470375,1.637
215.0,1.470375,1.636875
215.0,1.470375,1.63625
215.0,1.470875,1.63575
215.0,1.471125,1.635875
215.0,1.471375,1.636125
215.0,1.470875,1.636
215.0,1.470125,1.63575
215.0,1.47,1.635625
215.0,1.47,1.636
215.0,1.47,1.636
215.0,1.47025,1.636
215.0,1.47,1.636
215.0,1.4695,1.636125
215.0,1.470125,1.63625
215.0,1.4705,1.6365
215.0,1.47025,1.636875
215.0,1.4705,1.636875
215.0,1.4705,1.636625
215.0,1.470375,1.636
215.0,1.4705,1.63575
215.0,1.47075,1.635875
220.0,1.298375,1.42925
220.0,1.29825,1.429375
220.0,1.298375,1.42975
220.0,1.298375,1.42975
220.0,1.297875,1.429625
220.0,1.29775,1.42975
220.0,1.298375,1.429875
220.0,1.298875,1.429875
220.0,1.298875,1.429875
220.0,1.298875,1.43025
220.0,1.29875,1.43025
220.0,1.298625,1.430125
220.0,1.298625,1.42975
220.0,1.299625,1.429375
220.0,1.29975,1.429625
220.0,1.29925,1.42975
220.0,1.2985,1.429375
220.0,1.29825,1.42925
220.0,1.29825,1.429375
220.0,1.298,1.429625
220.0,1.298125,1.42975
220.0,1.297875,1.42975
220.0,1.298125,1.42975
220.0,1.298125,1.42975
220.0,1.29875,1.42975
220.0,1.299,1.43
220.0,1.299125,1.430375
220.0,1.29925,1.43025
220.0,1.29925,1.43
220.0,1.299375,1.429625
220.0,1.2995,1.4295
220.0,1.299625,1.42975
220.0,1.299125,1.42975
220.0,1.298375,1.4295
220.0,1.29825,1.429375
220.0,1.298875,1.4295
220.0,1.299125,1.42975
220.0,1.298125,1.429625
220.0,1.298125,1.429625
220.0,1.297625,1.42975
220.0,1.297875,1.429875
220.0,1.298625,1.429875
220.0,1.29875,1.430125
220.0,1.299,1.430375
220.0,1.299125,1.430125
220.0,1.29925,1.429875
220.0,1.2995,1.429625
220.0,1.2995,1.4295
220.0,1.299625,1.42975
220.0,1.299375,1.429625
225.0,1.1195,1.217
225.0,1.1195,1.21725
225.0,1.11925,1.217125
225.0,1.118875,1.217375
225.0,1.119375,1.21725
225.0,1.119875,1.21725
225.0,1.11975,1.217625
225.0,1.12025,1.217875
225.0,1.12025,1.217875
225.0,1.12025,1.217625
225.0,1.120125,1.217375
225.0,1.12025,1.21725
225.0,1.120375,1.21725
225.0,1.12025,1.21725
225.0,1.12025,1.217125
225.0,1.119625,1.216875
225.0,1.119125,1.216875
225.0,1.119625,1.21725
225.0,1.119625,1.217375
225.0,1.1195,1.2175
225.0,1.1195,1.2175
225.0,1.1195,1.217375
225.0,1.119625,1.2175
225.0,1.119625,1.2175
225.0,1.119875,1.21775
225.0,1.119875,1.217875
225.0,1.119625,1.21775
225.0,1.11975,1.2175
225.0,1.12025,1.217
225.0,1.120375,1.217
225.0,1.120125,1.21725
225.0,1.1195,1.217
225.0,1.1195,1.217
225.0,1.1195,1.216875
225.0,1.1195,1.217125
225.0,1.1195,1.217125
225.0,1.119125,1.21725
225.0,1.11925,1.217375
225.0,1.11925,1.217375
225.0,1.12,1.217375
225.0,1.120125,1.217375
225.0,1.11975,1.217875
225.0,1.11975,1.217875
225.0,1.12,1.2175
225.0,1.120125,1.21725
225.0,1.120625,1.217
225.0,1.1205,1.217125
225.0,1.120375,1.21725
225.0,1.12,1.217
225.0,1.119375,1.21675
230.0,0.938125,1.0055
230.0,0.938,1.0055
230.0,0.93825,1.005625
230.0,0.93875,1.00575
230.0,0.938875,1.005875
230.0,0.939125,1.006
230.0,0.938875,1.005625
230.0,0.938875,1.0055
230.0,0.93875,1.0055
230.0,0.939,1.00525
230.0,0.939375,1.0055
230.0,0.93925,1.005375
230.0,0.938875,1.00525
230.0,0.9385,1.005
230.0,0.938375,1.005125
230.0,0.93825,1.0055
230.0,0.938,1.005625
230.0,0.93825,1.0055
230.0,0.93825,1.005625
230.0,0.938375,1.005625
230.0,0.938625,1.00575
230.0,0.93875,1.006
230.0,0.93875,1.005875
230.0,0.938625,1.005875
230.0,0.93875,1.005625
230.0,0.938875,1.005375
230.0,0.939125,1.005375
230.0,0.93925,1.0055
230.0,0.939,1.0055
230.0,0.938375,1.005125
230.0,0.938625,1.005125
230.0,0.938125,1.00525
230.0,0.93825,1.0055
230.0,0.938,1.005625
230.0,0.938,1.005625
230.0,0.93825,1.005625
230.0,0.93875,1.005625
230.0,0.93925,1.005875
230.0,0.93925,1.005875
230.0,0.93925,1.006
230.0,0.938875,1.005875
230.0,0.938625,1.0055
230.0,0.938875,1.005375
230.0,0.939125,1.00525
230.0,0.939125,1.005375
230.0,0.939,1.005375
230.0,0.93875,1.005125
230.0,0.93875,1.005125
230.0,0.93875,1.00525
230.0,0.938375,1.0055
235.0,0.761,0.801125
235.0,0.76125,0.801125
235.0,0.7615,0.801375
235.0,0.7615,0.801375
235.0,0.761625,0.80125
235.0,0.7615,0.80125
235.0,0.76175,0.801125
235.0,0.762,0.801125
235.0,0.762,0.801125
235.0,0.761875,0.801125
235.0,0.761375,0.80075
235.0,0.761375,0.80075
235.0,0.76125,0.801
235.0,0.761,0.801
235.0,0.76075,0.801125
235.0,0.760625,0.80125
235.0,0.76075,0.801125
235.0,0.761125,0.801125
235.0,0.761625,0.80125
235.0,0.761625,0.801625
235.0,0.761375,0.8015
235.0,0.761125,0.801125
235.0,0.761,0.801
235.0,0.761,0.801
235.0,0.761875,0.801125
235.0,0.761875,0.801125
235.0,0.761625,0.800875
235.0,0.76125,0.800875
235.0,0.761125,0.80075
235.0,0.761125,0.800875
235.0,0.76075,0.801125
235.0,0.760625,0.80125
235.0,0.76075,0.801375
235.0,0.76075,0.80125
235.0,0.76125,0.80125
235.0,0.7615,0.8015
235.0,0.7615,0.8015
235.0,0.761625,0.80125
235.0,0.761625,0.80125
235.0,0.7615,0.801125
235.0,0.761625,0.801
235.0,0.76175,0.801
235.0,0.761625,0.801125
235.0,0.7615,0.801
235.0,0.76125,0.80075
235.0,0.761125,0.80075
235.0,0.76125,0.800875
235.0,0.761,0.801125
235.0,0.760625,0.801125
235.0,0.760625,0.80125
240.0,0.5925,0.6105
240.0,0.592625,0.610625
240.0,0.592375,0.610375
240.0,0.59225,0.610125
240.0,0.59275,0.610125
240.0,0.593,0.61
240.0,0.59275,0.61
240.0,0.592375,0.609875
240.0,0.592375,0.609875
240.0,0.592125,0.61
240.0,0.592,0.610125
240.0,0.591875,0.610125
240.0,0.591625,0.610125
240.0,0.591625,0.61025
240.0,0.591875,0.61025
240.0,0.592625,0.610375
240.0,0.5925,0.6105
240.0,0.592375,0.6105
240.0,0.592125,0.610375
240.0,0.592125,0.61025
240.0,0.59225,0.61
240.0,0.592875,0.61
240.0,0.59275,0.610125
240.0,0.59275,0.610125
240.0,0.592375,0.610125
240.0,0.59175,0.609875
240.0,0.591875,0.610125
240.0,0.59225,0.610125
240.0,0.592375,0.610125
240.0,0.592,0.610125
240.0,0.591625,0.61025
240.0,0.592,0.610375
240.0,0.592125,0.610375
240.0,0.59275,0.6105
240.0,0.5925,0.6105
240.0,0.592,0.610375
240.0,0.5925,0.610125
240.0,0.593,0.609875
240.0,0.593,0.609875
240.0,0.59275,0.610125
240.0,0.592625,0.61025
240.0,0.592375,0.610125
240.0,0.591875,0.61
240.0,0.59175,0.609875
240.0,0.59175,0.610125
240.0,0.592125,0.61025
240.0,0.591875,0.610125
240.0,0.592,0.61025
240.0,0.5925,0.61025
240.0,0.592375,0.610375
245.0,0.4375,0.437875
245.0,0.43775,0.43775
245.0,0.437875,0.4375
245.0,0.43775,0.43775
245.0,0.437875,0.437625
245.0,0.43775,0.437375
245.0,0.437625,0.437375
245.0,0.437125,0.4375
245.0,0.437125,0.4375
245.0,0.436875,0.43775
245.0,0.437125,0.437625
245.0,0.437125,0.43775
245.0,0.43725,0.437625
245.0,0.43775,0.437625
245.0,0.437875,0.438
245.0,0.437375,0.438
245.0,0.4375,0.438
245.0,0.4375,0.43775
245.0,0.438,0.43775
245.0,0.438125,0.437625
245.0,0.437625,0.43775
245.0,0.437625,0.437625
245.0,0.4375,0.437375
245.0,0.4375,0.437375
245.0,0.43725,0.4375
245.0,0.43725,0.437625
245.0,0.4375,0.43775
245.0,0.437125,0.437625
245.0,0.437375,0.43775
245.0,0.4375,0.437875
245.0,0.437625,0.437875
245.0,0.4375,0.438
245.0,0.437875,0.438
245.0,0.43775,0.438
245.0,0.437625,0.43775
245.0,0.437625,0.437625
245.0,0.43775,0.437625
245.0,0.43775,0.437625
245.0,0.43775,0.437625
245.0,0.43775,0.4375
245.0,0.43725,0.4375
245.0,0.437375,0.4375
245.0,0.43725,0.437625
245.0,0.437125,0.43775
245.0,0.437125,0.437625
245.0,0.43725,0.437625
245.0,0.437625,0.437875
245.0,0.438,0.43775
245.0,0.43775,0.437875
245.0,0.4375,0.438
250.0,0.301375,0.28925
250.0,0.30125,0.28925
250.0,0.30125,0.289125
250.0,0.30075,0.289125
250.0,0.30075,0.28925
250.0,0.300875,0.28925
250.0,0.300875,0.28925
250.0,0.30075,0.28925
250.0,0.30075,0.289375
250.0,0.30075,0.28925
250.0,0.30125,0.289375
250.0,0.30125,0.2895
250.0,0.3015,0.289375
250.0,0.301375,0.289375
250.0,0.301375,0.28925
250.0,0.301625,0.28925
250.0,0.30175,0.28925
250.0,0.301375,0.289125
250.0,0.30125,0.289125
250.0,0.30125,0.289
250.0,0.301375,0.28925
250.0,0.30125,0.28925
250.0,0.301125,0.28925
250.0,0.301125,0.289375
250.0,0.300875,0.289375
250.0,0.301125,0.28925
250.0,0.301125,0.28925
250.0,0.301375,0.2895
250.0,0.30125,0.28975
250.0,0.30125,0.289625
250.0,0.301125,0.2895
250.0,0.301625,0.2895
250.0,0.301875,0.289375
250.0,0.3015,0.289375
250.0,0.301125,0.289375
250.0,0.301125,0.289375
250.0,0.30125,0.28925
250.0,0.301,0.28925
250.0,0.301,0.28925
250.0,0.300875,0.289375
250.0,0.300875,0.289375
250.0,0.300625,0.289375
250.0,0.30075,0.2895
250.0,0.30075,0.2895
250.0,0.300875,0.2895
250.0,0.30125,0.289625
250.0,0.3015,0.289625
250.0,0.301625,0.2895
250.0,0.3015,0.289375
250.0,0.301625,0.28925
255.0,0.187375,0.1685
255.0,0.187375,0.168625
255.0,0.187125,0.168625
255.0,0.187,0.1685
255.0,0.187,0.1685
255.0,0.18775,0.1685
255.0,0.188125,0.168625
255.0,0.188125,0.16875
255.0,0.188125,0.16875
255.0,0.18775,0.168625
255.0,0.1875,0.168625
255.0,0.18775,0.168625
255.0,0.188125,0.1685
255.0,0.188125,0.168625
255.0,0.187625,0.1685
255.0,0.187375,0.168375
255.0,0.1875,0.168375
255.0,0.18725,0.168625
255.0,0.187,0.1685
255.0,0.186875,0.1685
255.0,0.18725,0.168625
255.0,0.18775,0.168625
255.0,0.187875,0.16875
255.0,0.187875,0.16875
255.0,0.187875,0.16875
255.0,0.187875,0.16875
255.0,0.188,0.16875
255.0,0.188,0.16875
255.0,0.188,0.168625
255.0,0.188,0.1685
255.0,0.188125,0.168375
255.0,0.18775,0.1685
255.0,0.1875,0.168375
255.0,0.1875,0.1685
255.0,0.187375,0.1685
255.0,0.18725,0.168625
255.0,0.187125,0.1685
255.0,0.187,0.168625
255.0,0.187,0.168625
255.0,0.1875,0.1685
255.0,0.18775,0.1685
255.0,0.1875,0.168625
255.0,0.18775,0.168625
255.0,0.18775,0.168625
255.0,0.187875,0.168375
255.0,0.188125,0.1685
255.0,0.187875,0.1685
255.0,0.1875,0.1685
255.0,0.187375,0.168375
255.0,0.18725,0.168375
260.0,0.098875,0.078625
260.0,0.099,0.07875
260.0,0.099375,0.078875
260.0,0.099875,0.078875
260.0,0.099875,0.078875
260.0,0.0995,0.079
260.0,0.099125,0.079
260.0,0.0995,0.078875
260.0,0.0995,0.078875
260.0,0.09975,0.07875
260.0,0.09975,0.078875
260.0,0.09925,0.078875
260.0,0.099,0.07875
260.0,0.099125,0.078875
260.0,0.099125,0.07875
260.0,0.099125,0.07875
260.0,0.098875,0.079
260.0,0.0985,0.079
260.0,0.099,0.078875
260.0,0.09925,0.078875
260.0,0.099625,0.079
260.0,0.09975,0.079
260.0,0.099625,0.079
260.0,0.099625,0.079
260.0,0.0995,0.078875
260.0,0.0995,0.078875
260.0,0.0995,0.079
260.0,0.0995,0.078875
260.0,0.09975,0.07875
260.0,0.09975,0.07875
260.0,0.0995,0.07875
260.0,0.09925,0.07875
260.0,0.09875,0.078875
260.0,0.098625,0.079
260.0,0.099,0.079125
260.0,0.09925,0.079
260.0,0.099625,0.079
260.0,0.099875,0.079
260.0,0.099875,0.079
260.0,0.099625,0.079125
260.0,0.0995,0.079
260.0,0.099375,0.078875
260.0,0.099375,0.078875
260.0,0.099875,0.078875
260.0,0.099875,0.07875
260.0,0.099625,0.07875
260.0,0.099,0.078625
260.0,0.099,0.07875
260.0,0.09925,0.078875
260.0,0.09925,0.079
265.0,0.04,0.022125
265.0,0.039875,0.022125
265.0,0.03975,0.022125
265.0,0.039875,0.022
265.0,0.040125,0.022
265.0,0.040125,0.022125
265.0,0.04,0.021875
265.0,0.039875,0.021875
265.0,0.039875,0.021875
265.0,0.0395,0.021875
265.0,0.03925,0.022125
265.0,0.039375,0.022
265.0,0.039375,0.022
265.0,0.039,0.022125
265.0,0.039375,0.022125
265.0,0.039625,0.022
265.0,0.039625,0.022
265.0,0.03975,0.02225
265.0,0.04,0.02225
265.0,0.0395,0.022125
265.0,0.03975,0.022125
265.0,0.040125,0.021875
265.0,0.039875,0.021875
265.0,0.039875,0.021875
265.0,0.039625,0.022
265.0,0.0395,0.022
265.0,0.039625,0.022
265.0,0.039625,0.022125
265.0,0.039125,0.022
265.0,0.039125,0.022
265.0,0.03925,0.022125
265.0,0.039375,0.02225
265.0,0.039625,0.022
265.0,0.0395,0.021875
265.0,0.039875,0.02225
265.0,0.039375,0.022125
265.0,0.039125,0.022
265.0,0.0395,0.022
265.0,0.0395,0.022
265.0,0.04,0.022125
265.0,0.04,0.021875
265.0,0.04,0.021875
265.0,0.0395,0.021875
265.0,0.03925,0.022
265.0,0.03925,0.022
265.0,0.039125,0.022
265.0,0.039125,0.022125
265.0,0.039,0.022
265.0,0.039375,0.022
265.0,0.03975,0.022
270.0,0.00975,0.000125
270.0,0.00975,0.00025
270.0,0.00975,0.000125
270.0,0.009625,0.000125
270.0,0.009625,0.000125
270.0,0.01,-0.000125
270.0,0.010125,-0.000125
270.0,0.010125,-0.000125
270.0,0.010125,-0.000125
270.0,0.009875,0.0
270.0,0.009375,0.000125
270.0,0.009125,0.000125
270.0,0.00925,0.000125
270.0,0.00925,0.000125
270.0,0.0095,0.0
270.0,0.009625,0.0
270.0,0.01,0.000125
270.0,0.009875,0.00025
270.0,0.00975,0.000125
270.0,0.009375,0.000125
270.0,0.00975,0.000125
270.0,0.01025,-0.000125
270.0,0.01025,-0.000125
270.0,0.01025,-0.000125
270.0,0.00975,-0.000125
270.0,0.0095,-0.000125
270.0,0.009625,0.0
270.0,0.00975,0.000125
270.0,0.009375,0.000125
270.0,0.009,0.000125
270.0,0.009375,0.0
270.0,0.00975,0.000125
270.0,0.009875,0.00025
270.0,0.009875,0.000125
270.0,0.0095,0.000125
270.0,0.00975,0.000125
270.0,0.009875,0.00025
270.0,0.01025,0.0
270.0,0.01025,0.0
270.0,0.01,0.000125
270.0,0.009875,0.0
270.0,0.009875,-0.000125
270.0,0.01,-0.000125
270.0,0.00975,-0.000125
270.0,0.0095,0.000125
270.0,0.009375,0.000125
270.0,0.00875,0.000125
270.0,0.009,0.000125
270.0,0.009875,0.000125
270.0,0.01,0.0
275.0,0.01075,0.012875
275.0,0.01075,0.01275
275.0,0.01075,0.013
275.0,0.01075,0.012875
275.0,0.010625,0.012875
275.0,0.010625,0.012625
275.0,0.011,0.012625
275.0,0.010875,0.0125
275.0,0.010875,0.0125
275.0,0.010375,0.012625
275.0,0.01,0.01275
275.0,0.00975,0.01275
275.0,0.00975,0.01275
275.0,0.009875,0.012625
275.0,0.010625,0.012625
275.0,0.011,0.01275
275.0,0.010625,0.012875
275.0,0.0105,0.012875
275.0,0.010375,0.01275
275.0,0.010375,0.01275
275.0,0.0105,0.01275
275.0,0.0105,0.01275
275.0,0.010625,0.012625
275.0,0.010625,0.012625
275.0,0.011,0.0125
275.0,0.01075,0.0125
275.0,0.010375,0.012625
275.0,0.01,0.012625
275.0,0.01,0.012875
275.0,0.01025,0.012625
275.0,0.010375,0.01275
275.0,0.010625,0.01275
275.0,0.011,0.012875
275.0,0.010875,0.01275
275.0,0.010875,0.01275
275.0,0.010875,0.01275
275.0,0.010625,0.01275
275.0,0.010625,0.012625
275.0,0.010625,0.012625
275.0,0.010875,0.012625
275.0,0.010875,0.012625
275.0,0.010625,0.012375
275.0,0.010125,0.012375
275.0,0.010125,0.01275
275.0,0.01,0.01275
275.0,0.009875,0.01275
275.0,0.010125,0.01275
275.0,0.010625,0.01275
275.0,0.010375,0.01275
275.0,0.0105,0.01275
280.0,0.042375,0.05975
280.0,0.042125,0.05975
280.0,0.041875,0.05975
280.0,0.041625,0.059625
280.0,0.042125,0.05975
280.0,0.042,0.059875
280.0,0.04175,0.059875
280.0,0.0415,0.059875
280.0,0.0415,0.059875
280.0,0.04175,0.059875
280.0,0.042125,0.059875
280.0,0.04225,0.059875
280.0,0.042,0.059875
280.0,0.04225,0.06
280.0,0.04225,0.059875
280.0,0.04225,0.059625
280.0,0.042125,0.05975
280.0,0.041875,0.05975
280.0,0.041875,0.059625
280.0,0.042125,0.059625
280.0,0.04175,0.059625
280.0,0.04175,0.05975
280.0,0.041625,0.05975
280.0,0.041625,0.05975
280.0,0.041625,0.05975
280.0,0.0415,0.05975
280.0,0.041875,0.059625
280.0,0.042125,0.059875
280.0,0.04225,0.06
280.0,0.042125,0.059875
280.0,0.042125,0.059875
280.0,0.041875,0.059875
280.0,0.042125,0.059875
280.0,0.042125,0.05975
280.0,0.042375,0.05975
280.0,0.042125,0.059625
280.0,0.042125,0.059625
280.0,0.042125,0.059625
280.0,0.042125,0.059625
280.0,0.04175,0.05975
280.0,0.0415,0.059875
280.0,0.04125,0.059875
280.0,0.04125,0.059875
280.0,0.042,0.059875
280.0,0.04225,0.059875
280.0,0.042,0.059875
280.0,0.041875,0.059875
280.0,0.041875,0.059875
280.0,0.04175,0.05975
280.0,0.042,0.05975
285.0,0.10325,0.1395
285.0,0.103125,0.1395
285.0,0.102875,0.139625
285.0,0.102375,0.139625
285.0,0.1025,0.1395
285.0,0.102875,0.139625
285.0,0.10325,0.139625
285.0,0.103125,0.13975
285.0,0.103125,0.13975
285.0,0.103,0.13975
285.0,0.103125,0.13975
285.0,0.10325,0.1395
285.0,0.103625,0.1395
285.0,0.103625,0.1395
285.0,0.103375,0.1395
285.0,0.103625,0.139375
285.0,0.1035,0.139375
285.0,0.103125,0.1395
285.0,0.102875,0.1395
285.0,0.102875,0.1395
285.0,0.102625,0.139625
285.0,0.102875,0.1395
285.0,0.103125,0.1395
285.0,0.103125,0.1395
285.0,0.103375,0.139625
285.0,0.1035,0.13975
285.0,0.10375,0.139875
285.0,0.103625,0.139625
285.0,0.10325,0.1395
285.0,0.1035,0.1395
285.0,0.103625,0.13975
285.0,0.10375,0.139625
285.0,0.103375,0.139375
285.0,0.10325,0.139375
285.0,0.103125,0.1395
285.0,0.10325,0.1395
285.0,0.10325,0.1395
285.0,0.102875,0.139625
285.0,0.102875,0.139625
285.0,0.103125,0.139625
285.0,0.10325,0.139625
285.0,0.103125,0.13975
285.0,0.103125,0.13975
285.0,0.1035,0.13975
285.0,0.1035,0.139625
285.0,0.1035,0.139625
285.0,0.103375,0.1395
285.0,0.10325,0.139625
285.0,0.103375,0.1395
285.0,0.10325,0.1395
290.0,0.191625,0.2505
290.0,0.19175,0.2505
290.0,0.192,0.2505
290.0,0.192125,0.2505
290.0,0.192,0.25075
290.0,0.19225,0.250625
290.0,0.1925,0.2505
290.0,0.192375,0.2505
290.0,0.192375,0.2505
290.0,0.1925,0.250375
290.0,0.1925,0.250375
290.0,0.192125,0.2505
290.0,0.192125,0.250375
290.0,0.192125,0.25025
290.0,0.192125,0.250375
290.0,0.19225,0.250625
290.0,0.191875,0.250625
290.0,0.191375,0.2505
290.0,0.19175,0.2505
290.0,0.192125,0.250625
290.0,0.192375,0.250625
290.0,0.1925,0.25075
290.0,0.1925,0.250625
290.0,0.1925,0.250625
290.0,0.192125,0.2505
290.0,0.192375,0.250375
290.0,0.192375,0.2505
290.0,0.192375,0.2505
290.0,0.192375,0.2505
290.0,0.19225,0.25025
290.0,0.192125,0.25025
290.0,0.191875,0.250375
290.0,0.19175,0.2505
290.0,0.191875,0.2505
290.0,0.19175,0.250375
290.0,0.19225,0.2505
290.0,0.192375,0.250625
290.0,0.19225,0.2505
290.0,0.19225,0.2505
290.0,0.192125,0.25075
290.0,0.191875,0.250625
290.0,0.192125,0.250625
290.0,0.192625,0.250625
290.0,0.19275,0.250375
290.0,0.19225,0.250375
290.0,0.192,0.250375
290.0,0.192,0.2505
290.0,0.191625,0.2505
290.0,0.191875,0.2505
290.0,0.191875,0.2505
295.0,0.306875,0.38925
295.0,0.306875,0.389125
295.0,0.30675,0.389
295.0,0.30675,0.389
295.0,0.30675,0.388875
295.0,0.306875,0.388875
295.0,0.306875,0.388875
295.0,0.306875,0.388625
295.0,0.3065,0.388625
295.0,0.30625,0.38875
295.0,0.306,0.38875
295.0,0.306125,0.388875
295.0,0.30625,0.388875
295.0,0.306375,0.388875
295.0,0.30625,0.389
295.0,0.306375,0.389
295.0,0.30675,0.389
295.0,0.306875,0.389125
295.0,0.306875,0.389125
295.0,0.306625,0.388875
295.0,0.3065,0.388875
295.0,0.307,0.38875
295.0,0.307,0.38875
295.0,0.306875,0.38875
295.0,0.306625,0.38875
295.0,0.306375,0.3885
295.0,0.3065,0.388625
295.0,0.306625,0.388875
295.0,0.306625,0.388875
295.0,0.30625,0.388875
295.0,0.306125,0.38875
295.0,0.30625,0.388875
295.0,0.306375,0.389
295.0,0.30675,0.38925
295.0,0.307,0.389125
295.0,0.30675,0.389125
295.0,0.306625,0.388875
295.0,0.306625,0.38875
295.0,0.306875,0.38875
295.0,0.307,0.388875
295.0,0.306875,0.388875
295.0,0.30675,0.388875
295.0,0.30675,0.388625
295.0,0.30625,0.38875
295.0,0.3065,0.38875
295.0,0.306375,0.388875
295.0,0.306,0.389
295.0,0.305625,0.388875
295.0,0.306125,0.388875
295.0,0.306625,0.388875
300.0,0.44275,0.55125
300.0,0.442875,0.551
300.0,0.443125,0.551125
300.0,0.443125,0.55125
300.0,0.443125,0.550875
300.0,0.442875,0.550875
300.0,0.4425,0.550875
300.0,0.4425,0.550875
300.0,0.4425,0.55125
300.0,0.442,0.551125
300.0,0.442,0.55125
300.0,0.44225,0.55125
300.0,0.44275,0.55125
300.0,0.443125,0.55125
300.0,0.44275,0.5515
300.0,0.442375,0.551625
300.0,0.442625,0.5515
300.0,0.442625,0.55125
300.0,0.443,0.551
300.0,0.443125,0.551125
300.0,0.443,0.55125
300.0,0.44275,0.551125
300.0,0.442375,0.551125
300.0,0.442375,0.550875
300.0,0.442375,0.551
300.0,0.4425,0.551375
300.0,0.4425,0.551375
300.0,0.4425,0.5515
300.0,0.44225,0.5515
300.0,0.4425,0.551625
300.0,0.442875,0.551625
300.0,0.442625,0.55175
300.0,0.442875,0.55175
300.0,0.442625,0.5515
300.0,0.4425,0.551375
300.0,0.443,0.551375
300.0,0.443125,0.551375
300.0,0.443125,0.551125
300.0,0.443125,0.551125
300.0,0.442875,0.551125
300.0,0.4425,0.551125
300.0,0.442375,0.55125
300.0,0.4425,0.551375
300.0,0.441875,0.55125
300.0,0.442,0.5515
300.0,0.442375,0.551375
300.0,0.442625,0.551375
300.0,0.442625,0.5515
300.0,0.44275,0.55175
300.0,0.443,0.551625
305.0,0.59775,0.733
305.0,0.5975,0.733125
305.0,0.59725,0.733
305.0,0.597125,0.732875
305.0,0.59675,0.733
305.0,0.597125,0.733
305.0,0.597,0.733
305.0,0.59675,0.73325
305.0,0.59675,0.73325
305.0,0.596875,0.73325
305.0,0.597,0.73325
305.0,0.597125,0.73325
305.0,0.5975,0.7335
305.0,0.59775,0.733375
305.0,0.597625,0.733125
305.0,0.5975,0.733
305.0,0.597875,0.733
305.0,0.5975,0.73325
305.0,0.596875,0.732875
305.0,0.597,0.732875
305.0,0.59725,0.732875
305.0,0.59725,0.733
305.0,0.597,0.733125
305.0,0.597,0.733125
305.0,0.59675,0.733
305.0,0.5965,0.733
305.0,0.59675,0.73325
305.0,0.597,0.73325
305.0,0.597,0.733375
305.0,0.597125,0.7335
305.0,0.5975,0.733375
305.0,0.597375,0.73325
305.0,0.59775,0.733125
305.0,0.598125,0.733
305.0,0.59775,0.733125
305.0,0.597,0.733125
305.0,0.597,0.733
305.0,0.597375,0.73275
305.0,0.597375,0.73275
305.0,0.59725,0.73325
305.0,0.597125,0.733125
305.0,0.596875,0.733
305.0,0.597,0.733125
305.0,0.597,0.73325
305.0,0.597,0.73325
305.0,0.597125,0.733375
305.0,0.59725,0.7335
305.0,0.597375,0.733375
305.0,0.597125,0.73325
305.0,0.59775,0.733
310.0,0.765375,0.929625
310.0,0.765,0.9295
310.0,0.764875,0.929625
310.0,0.765125,0.93
310.0,0.76475,0.92975
310.0,0.76425,0.929875
310.0,0.764875,0.93
310.0,0.765125,0.93
310.0,0.765125,0.93
310.0,0.7655,0.930125
310.0,0.765375,0.930375
310.0,0.7655,0.930375
310.0,0.7655,0.93025
310.0,0.765625,0.929875
310.0,0.765875,0.929875
310.0,0.765625,0.93
310.0,0.765625,0.929875
310.0,0.765375,0.92975
310.0,0.765375,0.92975
310.0,0.76525,0.92975
310.0,0.765125,0.930125
310.0,0.76475,0.93
310.0,0.764625,0.93
310.0,0.764625,0.93
310.0,0.764875,0.930125
310.0,0.76525,0.930125
310.0,0.765375,0.93025
310.0,0.76525,0.9305
310.0,0.765,0.930375
310.0,0.76525,0.93
310.0,0.76575,0.929875
310.0,0.76575,0.92975
310.0,0.766,0.929875
310.0,0.7655,0.929875
310.0,0.76525,0.92975
310.0,0.765,0.929625
310.0,0.765,0.93
310.0,0.764875,0.930125
310.0,0.764875,0.930125
310.0,0.764875,0.929875
310.0,0.764375,0.929875
310.0,0.76475,0.930125
310.0,0.7655,0.930125
310.0,0.765625,0.930375
310.0,0.7655,0.9305
310.0,0.76525,0.93025
310.0,0.765,0.930125
310.0,0.76575,0.929875
310.0,0.766,0.93
310.0,0.766,0.93
315.0,0.9415,1.134625
315.0,0.941375,1.13475
315.0,0.94125,1.1345
315.0,0.941,1.1345
315.0,0.941625,1.13475
315.0,0.942125,1.13475
315.0,0.942125,1.135125
315.0,0.942,1.135125
315.0,0.942,1.135125
315.0,0.942,1.135
315.0,0.942375,1.13475
315.0,0.94275,1.1345
315.0,0.94275,1.134625
315.0,0.942375,1.134625
315.0,0.94225,1.1345
315.0,0.94175,1.134125
315.0,0.94125,1.13425
315.0,0.941375,1.134375
315.0,0.941375,1.134375
315.0,0.941375,1.134375
315.0,0.9415,1.1345
315.0,0.94175,1.1345
315.0,0.942,1.1345
315.0,0.942,1.1345
315.0,0.942,1.13475
315.0,0.941625,1.134875
315.0,0.941875,1.134625
315.0,0.942,1.134125
315.0,0.9425,1.134125
315.0,0.94275,1.134125
315.0,0.942875,1.134
315.0,0.942375,1.133875
315.0,0.941625,1.133625
315.0,0.941375,1.133875
315.0,0.941125,1.13425
315.0,0.941,1.13425
315.0,0.941125,1.134375
315.0,0.941125,1.1345
315.0,0.941125,1.1345
315.0,0.9415,1.1345
315.0,0.941875,1.134625
315.0,0.941625,1.13475
315.0,0.941625,1.134875
315.0,0.941875,1.1345
315.0,0.942125,1.13425
315.0,0.9425,1.13425
315.0,0.9425,1.1345
315.0,0.94225,1.1345
315.0,0.94175,1.13425
315.0,0.941375,1.134125
320.0,1.122,1.34325
320.0,1.121625,1.343375
320.0,1.12225,1.343375
320.0,1.122625,1.3435
320.0,1.122375,1.34375
320.0,1.12225,1.34375
320.0,1.122375,1.3435
320.0,1.1225,1.343125
320.0,1.1225,1.343125
320.0,1.123125,1.343
320.0,1.123,1.343125
320.0,1.123,1.343125
320.0,1.122625,1.342875
320.0,1.122125,1.342625
320.0,1.12175,1.342875
320.0,1.121875,1.343125
320.0,1.122375,1.34325
320.0,1.12225,1.343125
320.0,1.12225,1.34325
320.0,1.122375,1.34325
320.0,1.1225,1.343625
320.0,1.122625,1.34375
320.0,1.12275,1.34375
320.0,1.12275,1.343625
320.0,1.12275,1.3435
320.0,1.123125,1.343
320.0,1.123375,1.343125
320.0,1.12325,1.343125
320.0,1.122875,1.343125
320.0,1.12225,1.342875
320.0,1.122375,1.342625
320.0,1.122375,1.342875
320.0,1.1225,1.343125
320.0,1.122125,1.343125
320.0,1.12175,1.34325
320.0,1.122,1.343375
320.0,1.122625,1.3435
320.0,1.123,1.3435
320.0,1.123,1.3435
320.0,1.123,1.34375
320.0,1.12275,1.343625
320.0,1.1225,1.34325
320.0,1.1225,1.343
320.0,1.12275,1.343
320.0,1.12325,1.343125
320.0,1.123125,1.343125
320.0,1.1225,1.342875
320.0,1.122125,1.34275
320.0,1.122,1.343125
320.0,1.122,1.34325
325.0,1.30125,1.54925
325.0,1.301375,1.549125
325.0,1.30125,1.548875
325.0,1.30125,1.54825
325.0,1.30175,1.548125
325.0,1.302,1.54825
325.0,1.301625,1.5485
325.0,1.30125,1.548125
325.0,1.30125,1.548125
325.0,1.300875,1.548
325.0,1.30075,1.54825
325.0,1.3005,1.5485
325.0,1.3005,1.54825
325.0,1.300375,1.5485
325.0,1.30075,1.54875
325.0,1.301375,1.548625
325.0,1.301375,1.549
325.0,1.301375,1.54925
325.0,1.301625,1.549
325.0,1.301625,1.54875
325.0,1.301375,1.548375
325.0,1.3015,1.54825
325.0,1.30175,1.548375
325.0,1.30175,1.548375
325.0,1.30125,1.5485
325.0,1.300875,1.548125
325.0,1.3005,1.547875
325.0,1.300625,1.548125
325.0,1.30075,1.548375
325.0,1.30075,1.548375
325.0,1.3005,1.5485
325.0,1.300375,1.5485
325.0,1.301125,1.5485
325.0,1.301125,1.548875
325.0,1.30125,1.54925
325.0,1.3015,1.549
325.0,1.3015,1.548375
325.0,1.30125,1.548125
325.0,1.30125,1.548125
325.0,1.30125,1.548125
325.0,1.3015,1.548375
325.0,1.3015,1.54825
325.0,1.300875,1.548
325.0,1.300625,1.548
325.0,1.30025,1.548375
325.0,1.300375,1.548375
325.0,1.3,1.548375
325.0,1.300375,1.548625
325.0,1.300875,1.548625
325.0,1.30125,1.54875
330.0,1.473,1.745625
330.0,1.472875,1.745125
330.0,1.473375,1.74475
330.0,1.4735,1.745
330.0,1.473125,1.745125
330.0,1.472375,1.744875
330.0,1.4715,1.744375
330.0,1.472,1.744625
330.0,1.472,1.744625
330.0,1.4725,1.745125
330.0,1.472125,1.745125
330.0,1.4715,1.745125
330.0,1.472,1.74525
330.0,1.4725,1.74525
330.0,1.472375,1.7455
330.0,1.4725,1.745875
330.0,1.472625,1.745875
330.0,1.4725,1.745625
330.0,1.472875,1.745125
330.0,1.4735,1.745
330.0,1.473125,1.745125
330.0,1.472875,1.745125
330.0,1.47275,1.74475
330.0,1.47275,1.74475
330.0,1.472125,1.7445
330.0,1.471875,1.74475
330.0,1.471875,1.745125
330.0,1.472125,1.745
330.0,1.471875,1.745125
330.0,1.471625,1.745375
330.0,1.47225,1.745375
330.0,1.472875,1.745625
330.0,1.4725,1.745875
330.0,1.4725,1.74575
330.0,1.472625,1.745375
330.0,1.473125,1.744875
330.0,1.4735,1.745
330.0,1.473,1.745125
330.0,1.473,1.745125
330.0,1.47275,1.745
330.0,1.472125,1.744625
330.0,1.472,1.744625
330.0,1.472125,1.745
330.0,1.472125,1.745125
330.0,1.471875,1.745
330.0,1.47175,1.745125
330.0,1.472125,1.745375
330.0,1.47275,1.745375
330.0,1.4725,1.74575
330.0,1.472375,1.74575
335.0,1.632,1.92575
335.0,1.632,1.926
335.0,1.63175,1.926125
335.0,1.631,1.925625
335.0,1.6305,1.9255
335.0,1.63075,1.926
335.0,1.63075,1.92625
335.0,1.6305,1.926125
335.0,1.6305,1.926125
335.0,1.630125,1.92625
335.0,1.630625,1.92625
335.0,1.63125,1.926375
335.0,1.63125,1.92675
335.0,1.6315,1.927
335.0,1.631375,1.92675
335.0,1.631375,1.92625
335.0,1.631875,1.92575
335.0,1.632375,1.925875
335.0,1.632125,1.926125
335.0,1.631625,1.926
335.0,1.630875,1.92575
335.0,1.630875,1.925625
335.0,1.63075,1.926
335.0,1.63075,1.926
335.0,1.6305,1.926125
335.0,1.63025,1.926
335.0,1.6305,1.926125
335.0,1.630875,1.926375
335.0,1.63125,1.9265
335.0,1.6315,1.927125
335.0,1.631625,1.927
335.0,1.631625,1.926625
335.0,1.63175,1.926
335.0,1.632125,1.92575
335.0,1.632375,1.925875
335.0,1.632125,1.926125
335.0,1.631625,1.926
335.0,1.631,1.925625
335.0,1.631,1.925625
335.0,1.63075,1.92575
335.0,1.63125,1.926125
335.0,1.63075,1.926125
335.0,1.63025,1.926125
335.0,1.6305,1.92625
335.0,1.630875,1.926375
335.0,1.6315,1.92675
335.0,1.63125,1.927125
335.0,1.631375,1.927
335.0,1.631375,1.9265
335.0,1.631375,1.925875
340.0,1.77175,2.083875
340.0,1.77125,2.0835
340.0,1.771625,2.08375
340.0,1.772,2.084
340.0,1.771375,2.084
340.0,1.77075,2.084125
340.0,1.77125,2.0845
340.0,1.771625,2.084625
340.0,1.771625,2.084625
340.0,1.771625,2.084875
340.0,1.77175,2.085
340.0,1.771875,2.084875
340.0,1.77225,2.08425
340.0,1.772125,2.08375
340.0,1.772375,2.084
340.0,1.7725,2.084375
340.0,1.772375,2.08425
340.0,1.77175,2.08375
340.0,1.771125,2.083375
340.0,1.770875,2.084
340.0,1.771375,2.084125
340.0,1.771125,2.08425
340.0,1.77075,2.084375
340.0,1.77075,2.084375
340.0,1.77125,2.0845
340.0,1.771875,2.084625
340.0,1.77175,2.085125
340.0,1.772125,2.085
340.0,1.77225,2.084625
340.0,1.771875,2.084125
340.0,1.772375,2.08375
340.0,1.772875,2.084
340.0,1.77275,2.08425
340.0,1.772375,2.084
340.0,1.7715,2.0835
340.0,1.771125,2.083625
340.0,1.77125,2.084
340.0,1.77125,2.084125
340.0,1.77125,2.084125
340.0,1.771125,2.084125
340.0,1.771,2.0845
340.0,1.771625,2.084625
340.0,1.772,2.084625
340.0,1.771875,2.085125
340.0,1.771875,2.085125
340.0,1.772125,2.084625
340.0,1.77225,2.084
340.0,1.772875,2.08375
340.0,1.773,2.084
340.0,1.7725,2.084125
345.0,1.8905,2.217
345.0,1.8905,2.21725
345.0,1.8905,2.217125
345.0,1.890625,2.21725
345.0,1.89075,2.217375
345.0,1.891125,2.2175
345.0,1.890875,2.218
345.0,1.8905,2.218
345.0,1.8905,2.21825
345.0,1.891,2.218
345.0,1.891375,2.217625
345.0,1.8915,2.216875
345.0,1.892125,2.217
345.0,1.892,2.21725
345.0,1.891625,2.217125
345.0,1.891125,2.2165
345.0,1.89075,2.216625
345.0,1.890625,2.217
345.0,1.890625,2.217375
345.0,1.890125,2.217375
345.0,1.89025,2.2175
345.0,1.890625,2.217625
345.0,1.891125,2.21775
345.0,1.891125,2.21775
345.0,1.891125,2.21825
345.0,1.891375,2.218375
345.0,1.891125,2.218
345.0,1.891,2.21725
345.0,1.89175,2.216875
345.0,1.89225,2.21725
345.0,1.891625,2.21725
345.0,1.890875,2.217125
345.0,1.890625,2.21675
345.0,1.8905,2.21675
345.0,1.89025,2.217375
345.0,1.89025,2.21725
345.0,1.89,2.21725
345.0,1.890125,2.2175
345.0,1.890125,2.2175
345.0,1.890875,2.217625
345.0,1.891,2.217875
345.0,1.891,2.21825
345.0,1.891125,2.218125
345.0,1.89125,2.2175
345.0,1.891125,2.216875
345.0,1.89175,2.21675
345.0,1.89225,2.217125
345.0,1.89175,2.217125
345.0,1.891,2.216875
345.0,1.890375,2.216625
350.0,1.9835,2.318
350.0,1.983125,2.318125
350.0,1.983625,2.31825
350.0,1.984,2.3185
350.0,1.9845,2.319
350.0,1.9845,2.319125
350.0,1.984375,2.31875
350.0,1.984375,2.318125
350.0,1.984375,2.318125
350.0,1.984875,2.31775
350.0,1.9855,2.31775
350.0,1.98525,2.318125
350.0,1.98475,2.318
350.0,1.984375,2.317375
350.0,1.984125,2.317375
350.0,1.984,2.318
350.0,1.984,2.318125
350.0,1.983625,2.318
350.0,1.98325,2.31825
350.0,1.983375,2.318375
350.0,1.98425,2.318625
350.0,1.984125,2.319
350.0,1.984375,2.319125
350.0,1.984375,2.319125
350.0,1.984375,2.318875
350.0,1.98425,2.318125
350.0,1.985,2.31775
350.0,1.9855,2.31775
350.0,1.985375,2.318125
350.0,1.9845,2.317875
350.0,1.983875,2.3175
350.0,1.983625,2.31775
350.0,1.98375,2.31825
350.0,1.983875,2.31825
350.0,1.9835,2.31825
350.0,1.983375,2.318375
350.0,1.984,2.3185
350.0,1.9845,2.31875
350.0,1.9845,2.31875
350.0,1.9845,2.319125
350.0,1.985,2.319125
350.0,1.984875,2.318625
350.0,1.98475,2.318
350.0,1.985,2.317875
350.0,1.985,2.318125
350.0,1.984875,2.318125
350.0,1.984375,2.317875
350.0,1.984,2.3175
350.0,1.984,2.317875
350.0,1.984125,2.31825
355.0,2.046625,2.383375
355.0,2.0475,2.383375
355.0,2.0475,2.38375
355.0,2.047625,2.384
355.0,2.047625,2.383625
355.0,2.04725,2.382875
355.0,2.048125,2.3825
355.0,2.048375,2.382875
355.0,2.048375,2.382875
355.0,2.048125,2.383
355.0,2.047375,2.382875
355.0,2.046625,2.382375
355.0,2.047,2.3825
355.0,2.0475,2.383
355.0,2.047125,2.383
355.0,2.04625,2.383
355.0,2.046625,2.38325
355.0,2.047125,2.383375
355.0,2.047375,2.383625
355.0,2.047625,2.38425
355.0,2.047875,2.384125
355.0,2.047625,2.3835
355.0,2.0475,2.382875
355.0,2.0475,2.382875
355.0,2.048375,2.382625
355.0,2.048875,2.383
355.0,2.0485,2.383125
355.0,2.047625,2.38275
355.0,2.047,2.382375
355.0,2.047,2.382625
355.0,2.04675,2.383125
355.0,2.04675,2.383
355.0,2.046625,2.383125
355.0,2.046625,2.383375
355.0,2.0475,2.3835
355.0,2.047875,2.38375
355.0,2.0475,2.384125
355.0,2.047375,2.384
355.0,2.047375,2.384
355.0,2.047875,2.383375
355.0,2.048,2.38275
355.0,2.04825,2.382625
355.0,2.0485,2.383
355.0,2.047625,2.383125
355.0,2.047125,2.382625
355.0,2.046875,2.382375
355.0,2.047125,2.38275
355.0,2.0475,2.383125
355.0,2.047125,2.383
355.0,2.0465,2.383125
360.0,2.07975,2.4125
360.0,2.080125,2.41225
360.0,2.08025,2.411625
360.0,2.0805,2.41125
360.0,2.0805,2.4115
360.0,2.080625,2.4115
360.0,2.0805,2.411375
360.0,2.079625,2.411125
360.0,2.079625,2.411125
360.0,2.07975,2.411375
360.0,2.079625,2.41175
360.0,2.0795,2.411625
360.0,2.0795,2.411625
360.0,2.07925,2.412
360.0,2.07975,2.412
360.0,2.08,2.412375
360.0,2.08025,2.412875
360.0,2.080875,2.412625
360.0,2.081,2.412125
360.0,2.081,2.411375
360.0,2.08125,2.411375
360.0,2.081125,2.411625
360.0,2.081,2.411625
360.0,2.081,2.411625
360.0,2.080625,2.411375
360.0,2.080125,2.411125
360.0,2.08,2.411625
360.0,2.080125,2.41175
360.0,2.07975,2.411625
360.0,2.079375,2.412
360.0,2.079375,2.41225
360.0,2.08025,2.41225
360.0,2.080625,2.412625
360.0,2.08025,2.412875
360.0,2.080625,2.412625
360.0,2.080625,2.411875
360.0,2.08125,2.411375
360.0,2.081875,2.411625
360.0,2.081875,2.411625
360.0,2.0815,2.411875
360.0,2.081,2.41175
360.0,2.08025,2.41125
360.0,2.07975,2.411125
360.0,2.079875,2.41175
360.0,2.079875,2.411875
360.0,2.07975,2.411875
360.0,2.079625,2.41225
360.0,2.080125,2.41225
360.0,2.080625,2.41225
360.0,2.080375,2.412875
